<?xml version="1.0" encoding="UTF-8"?>
<!DOCTYPE plist PUBLIC "-//Apple//DTD PLIST 1.0//EN" "http://www.apple.com/DTDs/PropertyList-1.0.dtd"/>

<plist version="1.0">
    <dict>
        <key>ROOT</key>
        <array>
            <dict>
                <key>id</key>
                <string>98</string>
                <key>className</key>
                <string>PTModelScreen</string>
                <key>Name</key>
                <dict>
                    <key>visible</key>
                    <string>0</string>
                    <key>value</key>
                    <string>Untitled</string>
                </dict>
                <key>Ad Interstitial</key>
                <dict>
                    <key>selectedStringValue</key>
                    <string>kNoAds</string>
                </dict>
                <key>Ad Banner</key>
                <dict>
                    <key>selectedStringValue</key>
                    <string>kNoAds</string>
                </dict>
                <key>Background Scene</key>
                <dict>
                    <key>visible</key>
                    <string>0</string>
                    <key>selectedStringValue</key>
                    <string>kNoBackground</string>
                </dict>
                <key>key</key>
                <string>PTPScreenStart</string>
                <key>openFrames</key>
                <string>40</string>
                <key>idleFrames</key>
                <string>40</string>
                <key>closeFrames</key>
                <string>0</string>
            </dict>
            <dict>
                <key>id</key>
                <string>2049</string>
                <key>className</key>
                <string>PTModelScreen</string>
                <key>Name</key>
                <dict>
                    <key>visible</key>
                    <string>0</string>
                    <key>value</key>
                    <string>Untitled</string>
                </dict>
                <key>Ad Interstitial</key>
                <dict>
                    <key>selectedStringValue</key>
                    <string>kAdMob</string>
                </dict>
                <key>Ad Banner</key>
                <dict>
                    <key>selectedStringValue</key>
                    <string>kAdMob</string>
                </dict>
                <key>Ad Interstitials Freq.</key>
                <dict>
                    <key>animations</key>
                    <array/>
                </dict>
                <key>Ad Banner Freq.</key>
                <dict>
                    <key>animations</key>
                    <array/>
                </dict>
                <key>Background Scene</key>
                <dict>
                    <key>visible</key>
                    <string>0</string>
                    <key>selectedStringValue</key>
                    <string>kNoBackground</string>
                </dict>
                <key>key</key>
                <string>PTPScreenMainMenuUI</string>
                <key>openFrames</key>
                <string>40</string>
                <key>idleFrames</key>
                <string>40</string>
                <key>closeFrames</key>
                <string>0</string>
            </dict>
            <dict>
                <key>id</key>
                <string>2133</string>
                <key>className</key>
                <string>PTModelScreen</string>
                <key>Name</key>
                <dict>
                    <key>visible</key>
                    <string>0</string>
                    <key>value</key>
                    <string>Untitled</string>
                </dict>
                <key>Ad Interstitial</key>
                <dict>
                    <key>selectedStringValue</key>
                    <string>kAdMob</string>
                </dict>
                <key>Ad Banner</key>
                <dict>
                    <key>selectedStringValue</key>
                    <string>kAdMob</string>
                </dict>
                <key>Ad Interstitials Freq.</key>
                <dict>
                    <key>animations</key>
                    <array/>
                </dict>
                <key>Ad Banner Freq.</key>
                <dict>
                    <key>animations</key>
                    <array/>
                </dict>
                <key>Background Scene</key>
                <dict>
                    <key>visible</key>
                    <string>0</string>
                    <key>selectedStringValue</key>
                    <string>kNoBackground</string>
                </dict>
                <key>key</key>
                <string>PTPScreenUi 1</string>
                <key>openFrames</key>
                <string>40</string>
                <key>idleFrames</key>
                <string>40</string>
                <key>closeFrames</key>
                <string>0</string>
            </dict>
            <dict>
                <key>id</key>
                <string>2137</string>
                <key>className</key>
                <string>PTModelScreen</string>
                <key>Name</key>
                <dict>
                    <key>visible</key>
                    <string>0</string>
                    <key>value</key>
                    <string>Untitled</string>
                </dict>
                <key>Ad Interstitial</key>
                <dict>
                    <key>selectedStringValue</key>
                    <string>kNoAds</string>
                </dict>
                <key>Ad Banner</key>
                <dict>
                    <key>selectedStringValue</key>
                    <string>kAdMob</string>
                </dict>
                <key>Ad Interstitials Freq.</key>
                <dict>
                    <key>animations</key>
                    <array/>
                </dict>
                <key>Ad Banner Freq.</key>
                <dict>
                    <key>animations</key>
                    <array/>
                </dict>
                <key>Background Scene</key>
                <dict>
                    <key>visible</key>
                    <string>0</string>
                    <key>selectedStringValue</key>
                    <string>kNoBackground</string>
                </dict>
                <key>key</key>
                <string>PTPScreenUi 3</string>
                <key>openFrames</key>
                <string>40</string>
                <key>idleFrames</key>
                <string>40</string>
                <key>closeFrames</key>
                <string>0</string>
            </dict>
            <dict>
                <key>id</key>
                <string>2139</string>
                <key>className</key>
                <string>PTModelScreen</string>
                <key>Name</key>
                <dict>
                    <key>visible</key>
                    <string>0</string>
                    <key>value</key>
                    <string>Untitled</string>
                </dict>
                <key>Ad Interstitial</key>
                <dict>
                    <key>selectedStringValue</key>
                    <string>kAdMob</string>
                </dict>
                <key>Ad Banner</key>
                <dict>
                    <key>selectedStringValue</key>
                    <string>kAdMob</string>
                </dict>
                <key>Ad Interstitials Freq.</key>
                <dict>
                    <key>animations</key>
                    <array/>
                </dict>
                <key>Ad Banner Freq.</key>
                <dict>
                    <key>animations</key>
                    <array/>
                </dict>
                <key>Background Scene</key>
                <dict>
                    <key>visible</key>
                    <string>0</string>
                    <key>selectedStringValue</key>
                    <string>kNoBackground</string>
                </dict>
                <key>key</key>
                <string>PTPScreenUi 4</string>
                <key>openFrames</key>
                <string>40</string>
                <key>idleFrames</key>
                <string>40</string>
                <key>closeFrames</key>
                <string>0</string>
            </dict>
            <dict>
                <key>id</key>
                <string>2141</string>
                <key>className</key>
                <string>PTModelScreen</string>
                <key>Name</key>
                <dict>
                    <key>visible</key>
                    <string>0</string>
                    <key>value</key>
                    <string>Untitled</string>
                </dict>
                <key>Ad Interstitial</key>
                <dict>
                    <key>selectedStringValue</key>
                    <string>kAdMob</string>
                </dict>
                <key>Ad Banner</key>
                <dict>
                    <key>selectedStringValue</key>
                    <string>kAdMob</string>
                </dict>
                <key>Background Scene</key>
                <dict>
                    <key>visible</key>
                    <string>0</string>
                    <key>selectedStringValue</key>
                    <string>kNoBackground</string>
                </dict>
                <key>key</key>
                <string>PTPScreenUi 5</string>
                <key>openFrames</key>
                <string>40</string>
                <key>idleFrames</key>
                <string>40</string>
                <key>closeFrames</key>
                <string>0</string>
            </dict>
            <dict>
                <key>id</key>
                <string>2143</string>
                <key>className</key>
                <string>PTModelScreen</string>
                <key>Name</key>
                <dict>
                    <key>visible</key>
                    <string>0</string>
                    <key>value</key>
                    <string>Untitled</string>
                </dict>
                <key>Ad Interstitial</key>
                <dict>
                    <key>selectedStringValue</key>
                    <string>kAdMob</string>
                </dict>
                <key>Ad Banner</key>
                <dict>
                    <key>selectedStringValue</key>
                    <string>kAdMob</string>
                </dict>
                <key>Background Scene</key>
                <dict>
                    <key>visible</key>
                    <string>0</string>
                    <key>selectedStringValue</key>
                    <string>kNoBackground</string>
                </dict>
                <key>key</key>
                <string>PTPScreenUi 6</string>
                <key>openFrames</key>
                <string>40</string>
                <key>idleFrames</key>
                <string>40</string>
                <key>closeFrames</key>
                <string>0</string>
            </dict>
            <dict>
                <key>id</key>
                <string>2219</string>
                <key>className</key>
                <string>PTModelScreen</string>
                <key>Name</key>
                <dict>
                    <key>visible</key>
                    <string>0</string>
                    <key>value</key>
                    <string>Untitled</string>
                </dict>
                <key>Ad Interstitial</key>
                <dict>
                    <key>selectedStringValue</key>
                    <string>kAdMob</string>
                </dict>
                <key>Ad Banner</key>
                <dict>
                    <key>selectedStringValue</key>
                    <string>kAdMob</string>
                </dict>
                <key>Ad Interstitials Freq.</key>
                <dict>
                    <key>animations</key>
                    <array/>
                </dict>
                <key>Ad Banner Freq.</key>
                <dict>
                    <key>animations</key>
                    <array/>
                </dict>
                <key>Background Scene</key>
                <dict>
                    <key>visible</key>
                    <string>0</string>
                    <key>selectedStringValue</key>
                    <string>kNoBackground</string>
                </dict>
                <key>key</key>
                <string>PTPScreenUi 2</string>
                <key>openFrames</key>
                <string>40</string>
                <key>idleFrames</key>
                <string>40</string>
                <key>closeFrames</key>
                <string>0</string>
            </dict>
            <dict>
                <key>id</key>
                <string>2231</string>
                <key>className</key>
                <string>PTModelScreen</string>
                <key>Name</key>
                <dict>
                    <key>visible</key>
                    <string>0</string>
                    <key>value</key>
                    <string>Untitled</string>
                </dict>
                <key>Ad Interstitial</key>
                <dict>
                    <key>selectedStringValue</key>
                    <string>kNoAds</string>
                </dict>
                <key>Ad Banner</key>
                <dict>
                    <key>selectedStringValue</key>
                    <string>kAdMob</string>
                </dict>
                <key>Background Scene</key>
                <dict>
                    <key>visible</key>
                    <string>0</string>
                    <key>selectedStringValue</key>
                    <string>kNoBackground</string>
                </dict>
                <key>key</key>
                <string>PTPScreenUi 8</string>
                <key>openFrames</key>
                <string>40</string>
                <key>idleFrames</key>
                <string>40</string>
                <key>closeFrames</key>
                <string>0</string>
            </dict>
        </array>
    </dict>
</plist>
