<?xml version="1.0" encoding="UTF-8"?>
<!DOCTYPE plist PUBLIC "-//Apple//DTD PLIST 1.0//EN" "http://www.apple.com/DTDs/PropertyList-1.0.dtd"/>

<plist version="1.0">
    <dict>
        <key>ROOT</key>
        <array>
            <dict>
                <key>id</key>
                <string>484</string>
                <key>className</key>
                <string>PTModelObjectAssetLight</string>
                <key>Name</key>
                <dict>
                    <key>value</key>
                    <string>Untitled</string>
                </dict>
                <key>Position</key>
                <dict>
                    <key>value</key>
                    <string>{1954.255,490.320}</string>
                </dict>
                <key>Scale</key>
                <dict>
                    <key>value</key>
                    <string>{1.000,1.000}</string>
                </dict>
                <key>Hidden</key>
                <dict>
                    <key>visible</key>
                    <string>0</string>
                </dict>
                <key>Locked</key>
                <dict>
                    <key>visible</key>
                    <string>0</string>
                </dict>
                <key>Radius</key>
                <dict>
                    <key>value</key>
                    <string>50.000000</string>
                </dict>
                <key>Color</key>
                <dict>
                    <key>r</key>
                    <string>255.000000</string>
                    <key>g</key>
                    <string>255.000000</string>
                    <key>b</key>
                    <string>255.000000</string>
                    <key>a</key>
                    <string>209.000000</string>
                </dict>
                <key>Cast Shadow</key>
                <dict>
                    <key>value</key>
                    <string>1</string>
                </dict>
                <key>zDepth</key>
                <string>1</string>
            </dict>
            <dict>
                <key>id</key>
                <string>1297</string>
                <key>className</key>
                <string>PTModelObjectAssetLight</string>
                <key>Name</key>
                <dict>
                    <key>value</key>
                    <string>Untitled</string>
                </dict>
                <key>Position</key>
                <dict>
                    <key>value</key>
                    <string>{1954.255,490.320}</string>
                </dict>
                <key>Scale</key>
                <dict>
                    <key>value</key>
                    <string>{1.000,1.000}</string>
                </dict>
                <key>Hidden</key>
                <dict>
                    <key>visible</key>
                    <string>0</string>
                </dict>
                <key>Locked</key>
                <dict>
                    <key>visible</key>
                    <string>0</string>
                </dict>
                <key>Radius</key>
                <dict>
                    <key>value</key>
                    <string>50.000000</string>
                </dict>
                <key>Color</key>
                <dict>
                    <key>r</key>
                    <string>255.000000</string>
                    <key>g</key>
                    <string>255.000000</string>
                    <key>b</key>
                    <string>255.000000</string>
                    <key>a</key>
                    <string>209.000000</string>
                </dict>
                <key>Cast Shadow</key>
                <dict>
                    <key>value</key>
                    <string>1</string>
                </dict>
                <key>zDepth</key>
                <string>1</string>
            </dict>
            <dict>
                <key>id</key>
                <string>1655</string>
                <key>className</key>
                <string>PTModelObjectAssetLight</string>
                <key>Name</key>
                <dict>
                    <key>value</key>
                    <string>Untitled</string>
                </dict>
                <key>Position</key>
                <dict>
                    <key>value</key>
                    <string>{427.410,516.534}</string>
                </dict>
                <key>Scale</key>
                <dict>
                    <key>value</key>
                    <string>{1.000,1.000}</string>
                </dict>
                <key>Hidden</key>
                <dict>
                    <key>visible</key>
                    <string>0</string>
                </dict>
                <key>Locked</key>
                <dict>
                    <key>visible</key>
                    <string>0</string>
                </dict>
                <key>Color</key>
                <dict>
                    <key>r</key>
                    <string>255.000000</string>
                    <key>g</key>
                    <string>255.000000</string>
                    <key>b</key>
                    <string>255.000000</string>
                    <key>a</key>
                    <string>255.000000</string>
                </dict>
                <key>Cast Shadow</key>
                <dict>
                    <key>value</key>
                    <string>1</string>
                </dict>
                <key>zDepth</key>
                <string>1</string>
            </dict>
        </array>
    </dict>
</plist>
