<?xml version="1.0" encoding="UTF-8"?>
<!DOCTYPE plist PUBLIC "-//Apple//DTD PLIST 1.0//EN" "http://www.apple.com/DTDs/PropertyList-1.0.dtd"/>

<plist version="1.0">
    <dict>
        <key>ROOT</key>
        <array>
            <dict>
                <key>id</key>
                <string>1341</string>
                <key>Asset</key>
                <dict>
                    <key>value</key>
                    <string>128</string>
                </dict>
            </dict>
            <dict>
                <key>id</key>
                <string>1384</string>
                <key>Asset</key>
                <dict>
                    <key>value</key>
                    <string>128</string>
                </dict>
            </dict>
            <dict>
                <key>id</key>
                <string>1981</string>
                <key>Asset</key>
                <dict>
                    <key>value</key>
                    <string>128</string>
                </dict>
            </dict>
            <dict>
                <key>id</key>
                <string>1982</string>
                <key>Asset</key>
                <dict>
                    <key>value</key>
                    <string>128</string>
                </dict>
            </dict>
            <dict>
                <key>id</key>
                <string>1988</string>
                <key>Asset</key>
                <dict>
                    <key>value</key>
                    <string>343</string>
                </dict>
            </dict>
            <dict>
                <key>id</key>
                <string>1990</string>
                <key>Asset</key>
                <dict>
                    <key>value</key>
                    <string>343</string>
                </dict>
            </dict>
            <dict>
                <key>id</key>
                <string>2000</string>
                <key>Asset</key>
                <dict>
                    <key>value</key>
                    <string>343</string>
                </dict>
            </dict>
            <dict>
                <key>id</key>
                <string>2016</string>
                <key>Asset</key>
                <dict>
                    <key>value</key>
                    <string>343</string>
                </dict>
            </dict>
            <dict>
                <key>id</key>
                <string>2018</string>
                <key>Asset</key>
                <dict>
                    <key>value</key>
                    <string>343</string>
                </dict>
            </dict>
            <dict>
                <key>id</key>
                <string>2020</string>
                <key>Asset</key>
                <dict>
                    <key>value</key>
                    <string>343</string>
                </dict>
            </dict>
            <dict>
                <key>id</key>
                <string>2022</string>
                <key>Asset</key>
                <dict>
                    <key>value</key>
                    <string>343</string>
                </dict>
            </dict>
            <dict>
                <key>id</key>
                <string>2024</string>
                <key>Asset</key>
                <dict>
                    <key>value</key>
                    <string>343</string>
                </dict>
            </dict>
            <dict>
                <key>id</key>
                <string>2026</string>
                <key>Asset</key>
                <dict>
                    <key>value</key>
                    <string>343</string>
                </dict>
            </dict>
            <dict>
                <key>id</key>
                <string>2028</string>
                <key>Asset</key>
                <dict>
                    <key>value</key>
                    <string>343</string>
                </dict>
            </dict>
            <dict>
                <key>id</key>
                <string>2030</string>
                <key>Asset</key>
                <dict>
                    <key>value</key>
                    <string>343</string>
                </dict>
            </dict>
            <dict>
                <key>id</key>
                <string>2032</string>
                <key>Asset</key>
                <dict>
                    <key>value</key>
                    <string>343</string>
                </dict>
            </dict>
            <dict>
                <key>id</key>
                <string>2034</string>
                <key>Asset</key>
                <dict>
                    <key>value</key>
                    <string>343</string>
                </dict>
            </dict>
            <dict>
                <key>id</key>
                <string>2045</string>
                <key>Asset</key>
                <dict>
                    <key>value</key>
                    <string>128</string>
                </dict>
            </dict>
        </array>
    </dict>
</plist>
