<?xml version="1.0" encoding="UTF-8"?>
<!DOCTYPE plist PUBLIC "-//Apple//DTD PLIST 1.0//EN" "http://www.apple.com/DTDs/PropertyList-1.0.dtd"/>

<plist version="1.0">
    <dict>
        <key>ROOT</key>
        <array>
            <dict>
                <key>id</key>
                <string>1362</string>
            </dict>
            <dict>
                <key>id</key>
                <string>2096</string>
                <key>Image</key>
                <dict>
                    <key>value</key>
                    <string>2094</string>
                </dict>
            </dict>
            <dict>
                <key>id</key>
                <string>2115</string>
                <key>Image</key>
                <dict>
                    <key>value</key>
                    <string>2113</string>
                </dict>
            </dict>
            <dict>
                <key>id</key>
                <string>2117</string>
                <key>Image</key>
                <dict>
                    <key>value</key>
                    <string>2113</string>
                </dict>
            </dict>
            <dict>
                <key>id</key>
                <string>2153</string>
                <key>Image</key>
                <dict>
                    <key>value</key>
                    <string>2151</string>
                </dict>
            </dict>
            <dict>
                <key>id</key>
                <string>2158</string>
                <key>Image</key>
                <dict>
                    <key>value</key>
                    <string>2156</string>
                </dict>
            </dict>
            <dict>
                <key>id</key>
                <string>2163</string>
                <key>Image</key>
                <dict>
                    <key>value</key>
                    <string>2161</string>
                </dict>
            </dict>
            <dict>
                <key>id</key>
                <string>2168</string>
                <key>Image</key>
                <dict>
                    <key>value</key>
                    <string>2166</string>
                </dict>
            </dict>
            <dict>
                <key>id</key>
                <string>2173</string>
                <key>Image</key>
                <dict>
                    <key>value</key>
                    <string>2171</string>
                </dict>
            </dict>
            <dict>
                <key>id</key>
                <string>2178</string>
                <key>Image</key>
                <dict>
                    <key>value</key>
                    <string>2176</string>
                </dict>
            </dict>
            <dict>
                <key>id</key>
                <string>2189</string>
                <key>Image</key>
                <dict>
                    <key>value</key>
                    <string>2186</string>
                </dict>
            </dict>
            <dict>
                <key>id</key>
                <string>2215</string>
                <key>Image</key>
                <dict>
                    <key>value</key>
                    <string>2211</string>
                </dict>
            </dict>
            <dict>
                <key>id</key>
                <string>2217</string>
                <key>Image</key>
                <dict>
                    <key>value</key>
                    <string>2211</string>
                </dict>
            </dict>
            <dict>
                <key>id</key>
                <string>2227</string>
                <key>Image</key>
                <dict>
                    <key>value</key>
                    <string>2225</string>
                </dict>
            </dict>
            <dict>
                <key>id</key>
                <string>2239</string>
                <key>Image</key>
                <dict>
                    <key>value</key>
                    <string>2237</string>
                </dict>
            </dict>
            <dict>
                <key>id</key>
                <string>2241</string>
                <key>Image</key>
                <dict>
                    <key>value</key>
                    <string>2237</string>
                </dict>
            </dict>
            <dict>
                <key>id</key>
                <string>2244</string>
                <key>Image</key>
                <dict>
                    <key>value</key>
                    <string>2242</string>
                </dict>
            </dict>
            <dict>
                <key>id</key>
                <string>2246</string>
                <key>Image</key>
                <dict>
                    <key>value</key>
                    <string>2242</string>
                </dict>
            </dict>
            <dict>
                <key>id</key>
                <string>2249</string>
                <key>Image</key>
                <dict>
                    <key>value</key>
                    <string>2247</string>
                </dict>
            </dict>
            <dict>
                <key>id</key>
                <string>2251</string>
                <key>Image</key>
                <dict>
                    <key>value</key>
                    <string>2247</string>
                </dict>
            </dict>
            <dict>
                <key>id</key>
                <string>2254</string>
                <key>Image</key>
                <dict>
                    <key>value</key>
                    <string>2252</string>
                </dict>
            </dict>
            <dict>
                <key>id</key>
                <string>2285</string>
                <key>Image</key>
                <dict>
                    <key>value</key>
                    <string>2283</string>
                </dict>
            </dict>
            <dict>
                <key>id</key>
                <string>2287</string>
                <key>Image</key>
                <dict>
                    <key>value</key>
                    <string>2283</string>
                </dict>
            </dict>
            <dict>
                <key>id</key>
                <string>2290</string>
                <key>Image</key>
                <dict>
                    <key>value</key>
                    <string>2288</string>
                </dict>
            </dict>
            <dict>
                <key>id</key>
                <string>2292</string>
                <key>Image</key>
                <dict>
                    <key>value</key>
                    <string>2288</string>
                </dict>
            </dict>
            <dict>
                <key>id</key>
                <string>2295</string>
                <key>Image</key>
                <dict>
                    <key>value</key>
                    <string>2293</string>
                </dict>
            </dict>
            <dict>
                <key>id</key>
                <string>2297</string>
                <key>Image</key>
                <dict>
                    <key>value</key>
                    <string>2293</string>
                </dict>
            </dict>
            <dict>
                <key>id</key>
                <string>2300</string>
                <key>Image</key>
                <dict>
                    <key>value</key>
                    <string>2298</string>
                </dict>
            </dict>
            <dict>
                <key>id</key>
                <string>2302</string>
                <key>Image</key>
                <dict>
                    <key>value</key>
                    <string>2298</string>
                </dict>
            </dict>
            <dict>
                <key>id</key>
                <string>2305</string>
                <key>Image</key>
                <dict>
                    <key>value</key>
                    <string>2303</string>
                </dict>
            </dict>
            <dict>
                <key>id</key>
                <string>2307</string>
                <key>Image</key>
                <dict>
                    <key>value</key>
                    <string>2303</string>
                </dict>
            </dict>
            <dict>
                <key>id</key>
                <string>2310</string>
                <key>Image</key>
                <dict>
                    <key>value</key>
                    <string>2308</string>
                </dict>
            </dict>
            <dict>
                <key>id</key>
                <string>2312</string>
                <key>Image</key>
                <dict>
                    <key>value</key>
                    <string>2308</string>
                </dict>
            </dict>
            <dict>
                <key>id</key>
                <string>2315</string>
                <key>Image</key>
                <dict>
                    <key>value</key>
                    <string>2313</string>
                </dict>
            </dict>
            <dict>
                <key>id</key>
                <string>2317</string>
                <key>Image</key>
                <dict>
                    <key>value</key>
                    <string>2313</string>
                </dict>
            </dict>
            <dict>
                <key>id</key>
                <string>2320</string>
                <key>Image</key>
                <dict>
                    <key>value</key>
                    <string>2318</string>
                </dict>
            </dict>
            <dict>
                <key>id</key>
                <string>2322</string>
                <key>Image</key>
                <dict>
                    <key>value</key>
                    <string>2318</string>
                </dict>
            </dict>
            <dict>
                <key>id</key>
                <string>2325</string>
                <key>Image</key>
                <dict>
                    <key>value</key>
                    <string>2323</string>
                </dict>
            </dict>
            <dict>
                <key>id</key>
                <string>2327</string>
                <key>Image</key>
                <dict>
                    <key>value</key>
                    <string>2323</string>
                </dict>
            </dict>
            <dict>
                <key>id</key>
                <string>2330</string>
                <key>Image</key>
                <dict>
                    <key>value</key>
                    <string>2328</string>
                </dict>
            </dict>
            <dict>
                <key>id</key>
                <string>2332</string>
                <key>Image</key>
                <dict>
                    <key>value</key>
                    <string>2328</string>
                </dict>
            </dict>
            <dict>
                <key>id</key>
                <string>2366</string>
                <key>Image</key>
                <dict>
                    <key>value</key>
                    <string>2364</string>
                </dict>
            </dict>
            <dict>
                <key>id</key>
                <string>2371</string>
                <key>Image</key>
                <dict>
                    <key>value</key>
                    <string>2369</string>
                </dict>
            </dict>
            <dict>
                <key>id</key>
                <string>2376</string>
                <key>Image</key>
                <dict>
                    <key>value</key>
                    <string>2374</string>
                </dict>
            </dict>
            <dict>
                <key>id</key>
                <string>2381</string>
                <key>Image</key>
                <dict>
                    <key>value</key>
                    <string>2379</string>
                </dict>
            </dict>
            <dict>
                <key>id</key>
                <string>2386</string>
                <key>Image</key>
                <dict>
                    <key>value</key>
                    <string>2384</string>
                </dict>
            </dict>
            <dict>
                <key>id</key>
                <string>2398</string>
                <key>Image</key>
                <dict>
                    <key>value</key>
                    <string>2396</string>
                </dict>
            </dict>
            <dict>
                <key>id</key>
                <string>2400</string>
                <key>Image</key>
                <dict>
                    <key>value</key>
                    <string>2396</string>
                </dict>
            </dict>
            <dict>
                <key>id</key>
                <string>2425</string>
            </dict>
            <dict>
                <key>id</key>
                <string>2427</string>
                <key>Image</key>
                <dict>
                    <key>value</key>
                    <string>2242</string>
                </dict>
            </dict>
            <dict>
                <key>id</key>
                <string>2464</string>
                <key>Image</key>
                <dict>
                    <key>value</key>
                    <string>2462</string>
                </dict>
            </dict>
            <dict>
                <key>id</key>
                <string>2469</string>
                <key>Image</key>
                <dict>
                    <key>value</key>
                    <string>2467</string>
                </dict>
            </dict>
            <dict>
                <key>id</key>
                <string>2474</string>
                <key>Image</key>
                <dict>
                    <key>value</key>
                    <string>2472</string>
                </dict>
            </dict>
            <dict>
                <key>id</key>
                <string>2476</string>
                <key>Image</key>
                <dict>
                    <key>value</key>
                    <string>2472</string>
                </dict>
            </dict>
            <dict>
                <key>id</key>
                <string>2479</string>
                <key>Image</key>
                <dict>
                    <key>value</key>
                    <string>2477</string>
                </dict>
            </dict>
            <dict>
                <key>id</key>
                <string>2481</string>
                <key>Image</key>
                <dict>
                    <key>value</key>
                    <string>2477</string>
                </dict>
            </dict>
            <dict>
                <key>id</key>
                <string>2484</string>
                <key>Image</key>
                <dict>
                    <key>value</key>
                    <string>2482</string>
                </dict>
            </dict>
            <dict>
                <key>id</key>
                <string>2486</string>
                <key>Image</key>
                <dict>
                    <key>value</key>
                    <string>2482</string>
                </dict>
            </dict>
            <dict>
                <key>id</key>
                <string>2545</string>
                <key>Image</key>
                <dict>
                    <key>value</key>
                    <string>2543</string>
                </dict>
            </dict>
            <dict>
                <key>id</key>
                <string>2550</string>
                <key>Image</key>
                <dict>
                    <key>value</key>
                    <string>2548</string>
                </dict>
            </dict>
            <dict>
                <key>id</key>
                <string>2605</string>
                <key>Image</key>
                <dict>
                    <key>value</key>
                    <string>2603</string>
                </dict>
            </dict>
            <dict>
                <key>id</key>
                <string>2610</string>
                <key>Image</key>
                <dict>
                    <key>value</key>
                    <string>2608</string>
                </dict>
            </dict>
            <dict>
                <key>id</key>
                <string>2612</string>
                <key>Image</key>
                <dict>
                    <key>value</key>
                    <string>2608</string>
                </dict>
            </dict>
            <dict>
                <key>id</key>
                <string>2646</string>
                <key>Image</key>
                <dict>
                    <key>value</key>
                    <string>2644</string>
                </dict>
            </dict>
            <dict>
                <key>id</key>
                <string>2648</string>
                <key>Image</key>
                <dict>
                    <key>value</key>
                    <string>2644</string>
                </dict>
            </dict>
        </array>
    </dict>
</plist>
