<?xml version="1.0" encoding="UTF-8"?>
<!DOCTYPE plist PUBLIC "-//Apple//DTD PLIST 1.0//EN" "http://www.apple.com/DTDs/PropertyList-1.0.dtd"/>

<plist version="1.0">
    <dict>
        <key>ROOT</key>
        <array>
            <dict>
                <key>id</key>
                <string>1334</string>
                <key>className</key>
                <string>PTModelLevelSection</string>
                <key>Name</key>
                <dict>
                    <key>visible</key>
                    <string>0</string>
                    <key>value</key>
                    <string>Start</string>
                </dict>
                <key>End Distance</key>
                <dict>
                    <key>value</key>
                    <string>1.000000</string>
                </dict>
                <key>Width</key>
                <dict>
                    <key>value</key>
                    <string>1120.516357</string>
                </dict>
                <key>muted</key>
                <string>0</string>
                <key>solo</key>
                <string>0</string>
                <key>initSection</key>
                <string>1</string>
                <key>parentScreenId</key>
                <string>1333</string>
            </dict>
            <dict>
                <key>id</key>
                <string>1978</string>
                <key>className</key>
                <string>PTModelLevelSection</string>
                <key>Name</key>
                <dict>
                    <key>value</key>
                    <string>1</string>
                </dict>
                <key>Start Distance</key>
                <dict>
                    <key>value</key>
                    <string>1.000000</string>
                </dict>
                <key>Width</key>
                <dict>
                    <key>value</key>
                    <string>1120.516357</string>
                </dict>
                <key>muted</key>
                <string>0</string>
                <key>solo</key>
                <string>0</string>
                <key>initSection</key>
                <string>0</string>
                <key>parentScreenId</key>
                <string>1333</string>
            </dict>
        </array>
    </dict>
</plist>
