<?xml version="1.0" encoding="UTF-8"?>
<!DOCTYPE plist PUBLIC "-//Apple//DTD PLIST 1.0//EN" "http://www.apple.com/DTDs/PropertyList-1.0.dtd"/>

<plist version="1.0">
    <dict>
        <key>ROOT</key>
        <array>
            <dict>
                <key>id</key>
                <string>105</string>
                <key>sprites</key>
                <array>
                    <string>106</string>
                </array>
            </dict>
            <dict>
                <key>id</key>
                <string>109</string>
                <key>sprites</key>
                <array>
                    <string>110</string>
                </array>
            </dict>
            <dict>
                <key>id</key>
                <string>120</string>
                <key>sprites</key>
                <array>
                    <string>121</string>
                </array>
            </dict>
            <dict>
                <key>id</key>
                <string>150</string>
                <key>sprites</key>
                <array>
                    <string>151</string>
                </array>
            </dict>
            <dict>
                <key>id</key>
                <string>341</string>
                <key>sprites</key>
                <array>
                    <string>342</string>
                </array>
            </dict>
            <dict>
                <key>id</key>
                <string>441</string>
                <key>sprites</key>
                <array>
                    <string>442</string>
                </array>
            </dict>
            <dict>
                <key>id</key>
                <string>991</string>
                <key>sprites</key>
                <array>
                    <string>992</string>
                </array>
            </dict>
            <dict>
                <key>id</key>
                <string>1042</string>
                <key>sprites</key>
                <array>
                    <string>1043</string>
                </array>
            </dict>
            <dict>
                <key>id</key>
                <string>1050</string>
                <key>sprites</key>
                <array>
                    <string>1051</string>
                </array>
            </dict>
            <dict>
                <key>id</key>
                <string>1186</string>
                <key>sprites</key>
                <array>
                    <string>1187</string>
                </array>
            </dict>
            <dict>
                <key>id</key>
                <string>2094</string>
                <key>sprites</key>
                <array>
                    <string>2095</string>
                </array>
            </dict>
            <dict>
                <key>id</key>
                <string>2113</string>
                <key>sprites</key>
                <array>
                    <string>2114</string>
                </array>
            </dict>
            <dict>
                <key>id</key>
                <string>2118</string>
                <key>sprites</key>
                <array>
                    <string>2119</string>
                </array>
            </dict>
            <dict>
                <key>id</key>
                <string>2151</string>
                <key>sprites</key>
                <array>
                    <string>2152</string>
                </array>
            </dict>
            <dict>
                <key>id</key>
                <string>2156</string>
                <key>sprites</key>
                <array>
                    <string>2157</string>
                </array>
            </dict>
            <dict>
                <key>id</key>
                <string>2161</string>
                <key>sprites</key>
                <array>
                    <string>2162</string>
                </array>
            </dict>
            <dict>
                <key>id</key>
                <string>2166</string>
                <key>sprites</key>
                <array>
                    <string>2167</string>
                </array>
            </dict>
            <dict>
                <key>id</key>
                <string>2171</string>
                <key>sprites</key>
                <array>
                    <string>2172</string>
                </array>
            </dict>
            <dict>
                <key>id</key>
                <string>2176</string>
                <key>sprites</key>
                <array>
                    <string>2177</string>
                </array>
            </dict>
            <dict>
                <key>id</key>
                <string>2186</string>
                <key>sprites</key>
                <array>
                    <string>2187</string>
                    <string>2188</string>
                </array>
            </dict>
            <dict>
                <key>id</key>
                <string>2203</string>
                <key>sprites</key>
                <array>
                    <string>2204</string>
                    <string>2205</string>
                    <string>2206</string>
                </array>
            </dict>
            <dict>
                <key>id</key>
                <string>2211</string>
                <key>sprites</key>
                <array>
                    <string>2212</string>
                    <string>2213</string>
                    <string>2214</string>
                </array>
            </dict>
            <dict>
                <key>id</key>
                <string>2225</string>
                <key>sprites</key>
                <array>
                    <string>2226</string>
                </array>
            </dict>
            <dict>
                <key>id</key>
                <string>2232</string>
                <key>sprites</key>
                <array>
                    <string>2233</string>
                </array>
            </dict>
            <dict>
                <key>id</key>
                <string>2237</string>
                <key>sprites</key>
                <array>
                    <string>2238</string>
                </array>
            </dict>
            <dict>
                <key>id</key>
                <string>2242</string>
                <key>sprites</key>
                <array>
                    <string>2243</string>
                </array>
            </dict>
            <dict>
                <key>id</key>
                <string>2247</string>
                <key>sprites</key>
                <array>
                    <string>2248</string>
                </array>
            </dict>
            <dict>
                <key>id</key>
                <string>2252</string>
                <key>sprites</key>
                <array>
                    <string>2253</string>
                </array>
            </dict>
            <dict>
                <key>id</key>
                <string>2278</string>
                <key>sprites</key>
                <array>
                    <string>2279</string>
                </array>
            </dict>
            <dict>
                <key>id</key>
                <string>2283</string>
                <key>sprites</key>
                <array>
                    <string>2284</string>
                </array>
            </dict>
            <dict>
                <key>id</key>
                <string>2288</string>
                <key>sprites</key>
                <array>
                    <string>2289</string>
                </array>
            </dict>
            <dict>
                <key>id</key>
                <string>2293</string>
                <key>sprites</key>
                <array>
                    <string>2294</string>
                </array>
            </dict>
            <dict>
                <key>id</key>
                <string>2298</string>
                <key>sprites</key>
                <array>
                    <string>2299</string>
                </array>
            </dict>
            <dict>
                <key>id</key>
                <string>2303</string>
                <key>sprites</key>
                <array>
                    <string>2304</string>
                </array>
            </dict>
            <dict>
                <key>id</key>
                <string>2308</string>
                <key>sprites</key>
                <array>
                    <string>2309</string>
                </array>
            </dict>
            <dict>
                <key>id</key>
                <string>2313</string>
                <key>sprites</key>
                <array>
                    <string>2314</string>
                </array>
            </dict>
            <dict>
                <key>id</key>
                <string>2318</string>
                <key>sprites</key>
                <array>
                    <string>2319</string>
                </array>
            </dict>
            <dict>
                <key>id</key>
                <string>2323</string>
                <key>sprites</key>
                <array>
                    <string>2324</string>
                </array>
            </dict>
            <dict>
                <key>id</key>
                <string>2328</string>
                <key>sprites</key>
                <array>
                    <string>2329</string>
                </array>
            </dict>
            <dict>
                <key>id</key>
                <string>2364</string>
                <key>sprites</key>
                <array>
                    <string>2365</string>
                </array>
            </dict>
            <dict>
                <key>id</key>
                <string>2369</string>
                <key>sprites</key>
                <array>
                    <string>2370</string>
                </array>
            </dict>
            <dict>
                <key>id</key>
                <string>2374</string>
                <key>sprites</key>
                <array>
                    <string>2375</string>
                </array>
            </dict>
            <dict>
                <key>id</key>
                <string>2379</string>
                <key>sprites</key>
                <array>
                    <string>2380</string>
                </array>
            </dict>
            <dict>
                <key>id</key>
                <string>2384</string>
                <key>sprites</key>
                <array>
                    <string>2385</string>
                </array>
            </dict>
            <dict>
                <key>id</key>
                <string>2391</string>
                <key>sprites</key>
                <array>
                    <string>2392</string>
                </array>
            </dict>
            <dict>
                <key>id</key>
                <string>2396</string>
                <key>sprites</key>
                <array>
                    <string>2397</string>
                </array>
            </dict>
            <dict>
                <key>id</key>
                <string>2462</string>
                <key>sprites</key>
                <array>
                    <string>2463</string>
                </array>
            </dict>
            <dict>
                <key>id</key>
                <string>2467</string>
                <key>sprites</key>
                <array>
                    <string>2468</string>
                </array>
            </dict>
            <dict>
                <key>id</key>
                <string>2472</string>
                <key>sprites</key>
                <array>
                    <string>2473</string>
                </array>
            </dict>
            <dict>
                <key>id</key>
                <string>2477</string>
                <key>sprites</key>
                <array>
                    <string>2478</string>
                </array>
            </dict>
            <dict>
                <key>id</key>
                <string>2482</string>
                <key>sprites</key>
                <array>
                    <string>2483</string>
                </array>
            </dict>
            <dict>
                <key>id</key>
                <string>2543</string>
                <key>sprites</key>
                <array>
                    <string>2544</string>
                </array>
            </dict>
            <dict>
                <key>id</key>
                <string>2548</string>
                <key>sprites</key>
                <array>
                    <string>2549</string>
                </array>
            </dict>
            <dict>
                <key>id</key>
                <string>2603</string>
                <key>sprites</key>
                <array>
                    <string>2604</string>
                </array>
            </dict>
            <dict>
                <key>id</key>
                <string>2608</string>
                <key>sprites</key>
                <array>
                    <string>2609</string>
                </array>
            </dict>
            <dict>
                <key>id</key>
                <string>2644</string>
                <key>sprites</key>
                <array>
                    <string>2645</string>
                </array>
            </dict>
            <dict>
                <key>id</key>
                <string>2650</string>
                <key>sprites</key>
                <array>
                    <string>2651</string>
                </array>
            </dict>
            <dict>
                <key>id</key>
                <string>2656</string>
                <key>sprites</key>
                <array>
                    <string>2657</string>
                </array>
            </dict>
            <dict>
                <key>id</key>
                <string>2662</string>
                <key>sprites</key>
                <array>
                    <string>2663</string>
                </array>
            </dict>
            <dict>
                <key>id</key>
                <string>2668</string>
                <key>sprites</key>
                <array>
                    <string>2669</string>
                </array>
            </dict>
            <dict>
                <key>id</key>
                <string>2674</string>
                <key>sprites</key>
                <array>
                    <string>2675</string>
                </array>
            </dict>
            <dict>
                <key>id</key>
                <string>2698</string>
                <key>sprites</key>
                <array>
                    <string>2699</string>
                </array>
            </dict>
            <dict>
                <key>id</key>
                <string>2704</string>
                <key>sprites</key>
                <array>
                    <string>2705</string>
                </array>
            </dict>
            <dict>
                <key>id</key>
                <string>2711</string>
                <key>sprites</key>
                <array>
                    <string>2712</string>
                </array>
            </dict>
        </array>
    </dict>
</plist>
