<?xml version="1.0" encoding="UTF-8"?>
<!DOCTYPE plist PUBLIC "-//Apple//DTD PLIST 1.0//EN" "http://www.apple.com/DTDs/PropertyList-1.0.dtd"/>

<plist version="1.0">
    <dict>
        <key>ROOT</key>
        <array>
            <dict>
                <key>id</key>
                <string>98</string>
                <key>children</key>
                <array>
                    <string>2678</string>
                    <string>2067</string>
                    <string>2070</string>
                </array>
            </dict>
            <dict>
                <key>id</key>
                <string>2049</string>
                <key>children</key>
                <array>
                    <string>2117</string>
                    <string>2125</string>
                    <string>2702</string>
                </array>
            </dict>
            <dict>
                <key>id</key>
                <string>2133</string>
                <key>children</key>
                <array>
                    <string>2251</string>
                    <string>2476</string>
                    <string>2481</string>
                    <string>2486</string>
                    <string>2612</string>
                    <string>2648</string>
                    <string>2708</string>
                </array>
            </dict>
            <dict>
                <key>id</key>
                <string>2137</string>
                <key>children</key>
                <array>
                    <string>2327</string>
                    <string>2332</string>
                    <string>2654</string>
                </array>
            </dict>
            <dict>
                <key>id</key>
                <string>2139</string>
                <key>children</key>
                <array>
                    <string>2317</string>
                    <string>2322</string>
                    <string>2660</string>
                </array>
            </dict>
            <dict>
                <key>id</key>
                <string>2141</string>
                <key>children</key>
                <array>
                    <string>2307</string>
                    <string>2312</string>
                    <string>2666</string>
                </array>
            </dict>
            <dict>
                <key>id</key>
                <string>2143</string>
                <key>children</key>
                <array>
                    <string>2297</string>
                    <string>2302</string>
                    <string>2672</string>
                </array>
            </dict>
            <dict>
                <key>id</key>
                <string>2219</string>
                <key>children</key>
                <array>
                    <string>2395</string>
                    <string>2400</string>
                    <string>2427</string>
                </array>
            </dict>
            <dict>
                <key>id</key>
                <string>2231</string>
                <key>children</key>
                <array>
                    <string>2236</string>
                    <string>2241</string>
                    <string>2246</string>
                </array>
            </dict>
        </array>
    </dict>
</plist>
