<?xml version="1.0" encoding="UTF-8"?>
<!DOCTYPE plist PUBLIC "-//Apple//DTD PLIST 1.0//EN" "http://www.apple.com/DTDs/PropertyList-1.0.dtd"/>

<plist version="1.0">
    <dict>
        <key>ROOT</key>
        <array>
            <dict>
                <key>id</key>
                <string>1372</string>
                <key>className</key>
                <string>PTModelObjectManipulator</string>
                <key>Name</key>
                <dict>
                    <key>visible</key>
                    <string>0</string>
                    <key>value</key>
                    <string>Joystick Touch Area</string>
                </dict>
                <key>Position</key>
                <dict>
                    <key>value</key>
                    <string>{566.516,320.066}</string>
                </dict>
                <key>Scale</key>
                <dict>
                    <key>value</key>
                    <string>{12.627,7.586}</string>
                </dict>
                <key>Hidden</key>
                <dict>
                    <key>visible</key>
                    <string>0</string>
                </dict>
                <key>Locked</key>
                <dict>
                    <key>visible</key>
                    <string>0</string>
                </dict>
                <key>Control Style</key>
                <dict>
                    <key>selectedStringValue</key>
                    <string>kControlStyleAbsolute</string>
                </dict>
                <key>zDepth</key>
                <string>0</string>
            </dict>
        </array>
    </dict>
</plist>
