<?xml version="1.0" encoding="UTF-8"?>
<!DOCTYPE plist PUBLIC "-//Apple//DTD PLIST 1.0//EN" "http://www.apple.com/DTDs/PropertyList-1.0.dtd"/>

<plist version="1.0">
    <dict>
        <key>ROOT</key>
        <array>
            <dict>
                <key>id</key>
                <string>114</string>
                <key>Image</key>
                <dict>
                    <key>value</key>
                    <string>109</string>
                </dict>
            </dict>
            <dict>
                <key>id</key>
                <string>155</string>
                <key>Image</key>
                <dict>
                    <key>value</key>
                    <string>150</string>
                </dict>
            </dict>
            <dict>
                <key>id</key>
                <string>346</string>
                <key>Image</key>
                <dict>
                    <key>value</key>
                    <string>341</string>
                </dict>
            </dict>
            <dict>
                <key>id</key>
                <string>447</string>
                <key>Image</key>
                <dict>
                    <key>value</key>
                    <string>441</string>
                </dict>
            </dict>
            <dict>
                <key>id</key>
                <string>2210</string>
                <key>Image</key>
                <dict>
                    <key>value</key>
                    <string>2203</string>
                </dict>
            </dict>
            <dict>
                <key>id</key>
                <string>2236</string>
                <key>Image</key>
                <dict>
                    <key>value</key>
                    <string>2232</string>
                </dict>
            </dict>
            <dict>
                <key>id</key>
                <string>2282</string>
                <key>Image</key>
                <dict>
                    <key>value</key>
                    <string>2278</string>
                </dict>
            </dict>
            <dict>
                <key>id</key>
                <string>2395</string>
                <key>Image</key>
                <dict>
                    <key>value</key>
                    <string>2391</string>
                </dict>
            </dict>
            <dict>
                <key>id</key>
                <string>2654</string>
                <key>Image</key>
                <dict>
                    <key>value</key>
                    <string>2650</string>
                </dict>
            </dict>
            <dict>
                <key>id</key>
                <string>2660</string>
                <key>Image</key>
                <dict>
                    <key>value</key>
                    <string>2656</string>
                </dict>
            </dict>
            <dict>
                <key>id</key>
                <string>2666</string>
                <key>Image</key>
                <dict>
                    <key>value</key>
                    <string>2662</string>
                </dict>
            </dict>
            <dict>
                <key>id</key>
                <string>2672</string>
                <key>Image</key>
                <dict>
                    <key>value</key>
                    <string>2668</string>
                </dict>
            </dict>
            <dict>
                <key>id</key>
                <string>2678</string>
                <key>Image</key>
                <dict>
                    <key>value</key>
                    <string>2674</string>
                </dict>
            </dict>
            <dict>
                <key>id</key>
                <string>2702</string>
                <key>Image</key>
                <dict>
                    <key>value</key>
                    <string>2698</string>
                </dict>
            </dict>
            <dict>
                <key>id</key>
                <string>2708</string>
                <key>Image</key>
                <dict>
                    <key>value</key>
                    <string>2704</string>
                </dict>
            </dict>
        </array>
    </dict>
</plist>
