<?xml version="1.0" encoding="UTF-8"?>
<!DOCTYPE plist PUBLIC "-//Apple//DTD PLIST 1.0//EN" "http://www.apple.com/DTDs/PropertyList-1.0.dtd"/>

<plist version="1.0">
    <dict>
        <key>ROOT</key>
        <array>
            <dict>
                <key>id</key>
                <string>106</string>
                <key>className</key>
                <string>PTModelSprite</string>
                <key>Name</key>
                <dict>
                    <key>value</key>
                    <string>Background</string>
                </dict>
                <key>pos</key>
                <string>{516.00,1425.00}</string>
                <key>offset</key>
                <string>{0.00,0.00}</string>
                <key>size</key>
                <string>{285.00,160.00}</string>
                <key>sourceSize</key>
                <string>{285.00,160.00}</string>
                <key>sourceRect</key>
                <string>{{0.00,0.00},{285.00,160.00}}</string>
            </dict>
            <dict>
                <key>id</key>
                <string>110</string>
                <key>className</key>
                <string>PTModelSprite</string>
                <key>Name</key>
                <dict>
                    <key>value</key>
                    <string>Character</string>
                </dict>
                <key>pos</key>
                <string>{1952.00,633.00}</string>
                <key>offset</key>
                <string>{0.00,1.00}</string>
                <key>size</key>
                <string>{63.00,62.00}</string>
                <key>sourceSize</key>
                <string>{63.00,63.00}</string>
                <key>sourceRect</key>
                <string>{{0.00,1.00},{63.00,62.00}}</string>
            </dict>
            <dict>
                <key>id</key>
                <string>121</string>
                <key>className</key>
                <string>PTModelSprite</string>
                <key>Name</key>
                <dict>
                    <key>value</key>
                    <string>DarkClouds</string>
                </dict>
                <key>pos</key>
                <string>{0.00,0.00}</string>
                <key>offset</key>
                <string>{0.00,0.00}</string>
                <key>size</key>
                <string>{2000.00,563.00}</string>
                <key>sourceSize</key>
                <string>{2000.00,563.00}</string>
                <key>sourceRect</key>
                <string>{{0.00,0.00},{2000.00,563.00}}</string>
            </dict>
            <dict>
                <key>id</key>
                <string>151</string>
                <key>className</key>
                <string>PTModelSprite</string>
                <key>Name</key>
                <dict>
                    <key>value</key>
                    <string>Character</string>
                </dict>
                <key>pos</key>
                <string>{1952.00,567.00}</string>
                <key>offset</key>
                <string>{0.00,1.00}</string>
                <key>size</key>
                <string>{63.00,62.00}</string>
                <key>sourceSize</key>
                <string>{63.00,63.00}</string>
                <key>sourceRect</key>
                <string>{{0.00,1.00},{63.00,62.00}}</string>
            </dict>
            <dict>
                <key>id</key>
                <string>342</string>
                <key>className</key>
                <string>PTModelSprite</string>
                <key>Name</key>
                <dict>
                    <key>value</key>
                    <string>Enemy</string>
                </dict>
                <key>pos</key>
                <string>{1436.00,1021.00}</string>
                <key>offset</key>
                <string>{0.00,1.00}</string>
                <key>size</key>
                <string>{189.00,173.00}</string>
                <key>sourceSize</key>
                <string>{189.00,174.00}</string>
                <key>sourceRect</key>
                <string>{{0.00,1.00},{189.00,173.00}}</string>
            </dict>
            <dict>
                <key>id</key>
                <string>442</string>
                <key>className</key>
                <string>PTModelSprite</string>
                <key>Name</key>
                <dict>
                    <key>value</key>
                    <string>Platform</string>
                </dict>
                <key>pos</key>
                <string>{1198.00,1021.00}</string>
                <key>offset</key>
                <string>{0.00,0.00}</string>
                <key>size</key>
                <string>{234.00,233.00}</string>
                <key>sourceSize</key>
                <string>{234.00,233.00}</string>
                <key>sourceRect</key>
                <string>{{0.00,0.00},{234.00,233.00}}</string>
            </dict>
            <dict>
                <key>id</key>
                <string>992</string>
                <key>className</key>
                <string>PTModelSprite</string>
                <key>Name</key>
                <dict>
                    <key>value</key>
                    <string>Particle</string>
                </dict>
                <key>pos</key>
                <string>{0.00,0.00}</string>
                <key>offset</key>
                <string>{0.00,0.00}</string>
                <key>size</key>
                <string>{0.00,0.00}</string>
                <key>sourceSize</key>
                <string>{83.00,83.00}</string>
                <key>sourceRect</key>
                <string>{{0.00,0.00},{0.00,0.00}}</string>
            </dict>
            <dict>
                <key>id</key>
                <string>1043</string>
                <key>className</key>
                <string>PTModelSprite</string>
                <key>Name</key>
                <dict>
                    <key>value</key>
                    <string>icon_add_locator@2x</string>
                </dict>
                <key>pos</key>
                <string>{0.00,0.00}</string>
                <key>offset</key>
                <string>{0.00,0.00}</string>
                <key>size</key>
                <string>{0.00,0.00}</string>
                <key>sourceSize</key>
                <string>{50.00,50.00}</string>
                <key>sourceRect</key>
                <string>{{0.00,0.00},{0.00,0.00}}</string>
            </dict>
            <dict>
                <key>id</key>
                <string>1051</string>
                <key>className</key>
                <string>PTModelSprite</string>
                <key>Name</key>
                <dict>
                    <key>value</key>
                    <string>Particle</string>
                </dict>
                <key>pos</key>
                <string>{0.00,0.00}</string>
                <key>offset</key>
                <string>{0.00,0.00}</string>
                <key>size</key>
                <string>{0.00,0.00}</string>
                <key>sourceSize</key>
                <string>{83.00,83.00}</string>
                <key>sourceRect</key>
                <string>{{0.00,0.00},{0.00,0.00}}</string>
            </dict>
            <dict>
                <key>id</key>
                <string>1187</string>
                <key>className</key>
                <string>PTModelSprite</string>
                <key>Name</key>
                <dict>
                    <key>value</key>
                    <string>Coins</string>
                </dict>
                <key>pos</key>
                <string>{0.00,0.00}</string>
                <key>offset</key>
                <string>{0.00,0.00}</string>
                <key>size</key>
                <string>{0.00,0.00}</string>
                <key>sourceSize</key>
                <string>{27.00,27.00}</string>
                <key>sourceRect</key>
                <string>{{0.00,0.00},{0.00,0.00}}</string>
            </dict>
            <dict>
                <key>id</key>
                <string>2095</string>
                <key>className</key>
                <string>PTModelSprite</string>
                <key>Name</key>
                <dict>
                    <key>value</key>
                    <string>continue</string>
                </dict>
                <key>pos</key>
                <string>{1198.00,1258.00}</string>
                <key>offset</key>
                <string>{0.00,5.00}</string>
                <key>size</key>
                <string>{328.00,101.00}</string>
                <key>sourceSize</key>
                <string>{328.00,111.00}</string>
                <key>sourceRect</key>
                <string>{{0.00,5.00},{328.00,101.00}}</string>
            </dict>
            <dict>
                <key>id</key>
                <string>2114</string>
                <key>className</key>
                <string>PTModelSprite</string>
                <key>Name</key>
                <dict>
                    <key>value</key>
                    <string>continue</string>
                </dict>
                <key>pos</key>
                <string>{644.00,1832.00}</string>
                <key>offset</key>
                <string>{5.00,4.00}</string>
                <key>size</key>
                <string>{318.00,114.00}</string>
                <key>sourceSize</key>
                <string>{327.00,122.00}</string>
                <key>sourceRect</key>
                <string>{{5.00,4.00},{318.00,114.00}}</string>
            </dict>
            <dict>
                <key>id</key>
                <string>2119</string>
                <key>className</key>
                <string>PTModelSprite</string>
                <key>Name</key>
                <dict>
                    <key>value</key>
                    <string>apps</string>
                </dict>
                <key>pos</key>
                <string>{322.00,1832.00}</string>
                <key>offset</key>
                <string>{5.00,4.00}</string>
                <key>size</key>
                <string>{318.00,114.00}</string>
                <key>sourceSize</key>
                <string>{327.00,122.00}</string>
                <key>sourceRect</key>
                <string>{{5.00,4.00},{318.00,114.00}}</string>
            </dict>
            <dict>
                <key>id</key>
                <string>2152</string>
                <key>className</key>
                <string>PTModelSprite</string>
                <key>Name</key>
                <dict>
                    <key>value</key>
                    <string>install</string>
                </dict>
                <key>pos</key>
                <string>{0.00,1832.00}</string>
                <key>offset</key>
                <string>{5.00,4.00}</string>
                <key>size</key>
                <string>{318.00,114.00}</string>
                <key>sourceSize</key>
                <string>{327.00,122.00}</string>
                <key>sourceRect</key>
                <string>{{5.00,4.00},{318.00,114.00}}</string>
            </dict>
            <dict>
                <key>id</key>
                <string>2157</string>
                <key>className</key>
                <string>PTModelSprite</string>
                <key>Name</key>
                <dict>
                    <key>value</key>
                    <string>jason</string>
                </dict>
                <key>pos</key>
                <string>{1610.00,1714.00}</string>
                <key>offset</key>
                <string>{5.00,4.00}</string>
                <key>size</key>
                <string>{318.00,114.00}</string>
                <key>sourceSize</key>
                <string>{327.00,122.00}</string>
                <key>sourceRect</key>
                <string>{{5.00,4.00},{318.00,114.00}}</string>
            </dict>
            <dict>
                <key>id</key>
                <string>2162</string>
                <key>className</key>
                <string>PTModelSprite</string>
                <key>Name</key>
                <dict>
                    <key>value</key>
                    <string>objective</string>
                </dict>
                <key>pos</key>
                <string>{1288.00,1714.00}</string>
                <key>offset</key>
                <string>{5.00,4.00}</string>
                <key>size</key>
                <string>{318.00,114.00}</string>
                <key>sourceSize</key>
                <string>{327.00,122.00}</string>
                <key>sourceRect</key>
                <string>{{5.00,4.00},{318.00,114.00}}</string>
            </dict>
            <dict>
                <key>id</key>
                <string>2167</string>
                <key>className</key>
                <string>PTModelSprite</string>
                <key>Name</key>
                <dict>
                    <key>value</key>
                    <string>play</string>
                </dict>
                <key>pos</key>
                <string>{966.00,1714.00}</string>
                <key>offset</key>
                <string>{5.00,4.00}</string>
                <key>size</key>
                <string>{318.00,114.00}</string>
                <key>sourceSize</key>
                <string>{327.00,122.00}</string>
                <key>sourceRect</key>
                <string>{{5.00,4.00},{318.00,114.00}}</string>
            </dict>
            <dict>
                <key>id</key>
                <string>2172</string>
                <key>className</key>
                <string>PTModelSprite</string>
                <key>Name</key>
                <dict>
                    <key>value</key>
                    <string>strong</string>
                </dict>
                <key>pos</key>
                <string>{644.00,1714.00}</string>
                <key>offset</key>
                <string>{5.00,4.00}</string>
                <key>size</key>
                <string>{318.00,114.00}</string>
                <key>sourceSize</key>
                <string>{327.00,122.00}</string>
                <key>sourceRect</key>
                <string>{{5.00,4.00},{318.00,114.00}}</string>
            </dict>
            <dict>
                <key>id</key>
                <string>2177</string>
                <key>className</key>
                <string>PTModelSprite</string>
                <key>Name</key>
                <dict>
                    <key>value</key>
                    <string>traps</string>
                </dict>
                <key>pos</key>
                <string>{322.00,1714.00}</string>
                <key>offset</key>
                <string>{5.00,4.00}</string>
                <key>size</key>
                <string>{318.00,114.00}</string>
                <key>sourceSize</key>
                <string>{327.00,122.00}</string>
                <key>sourceRect</key>
                <string>{{5.00,4.00},{318.00,114.00}}</string>
            </dict>
            <dict>
                <key>id</key>
                <string>2187</string>
                <key>className</key>
                <string>PTModelSprite</string>
                <key>Name</key>
                <dict>
                    <key>value</key>
                    <string>installbutton</string>
                </dict>
                <key>pos</key>
                <string>{172.00,1425.00}</string>
                <key>offset</key>
                <string>{11.00,12.00}</string>
                <key>size</key>
                <string>{168.00,167.00}</string>
                <key>sourceSize</key>
                <string>{187.00,185.00}</string>
                <key>sourceRect</key>
                <string>{{11.00,12.00},{168.00,167.00}}</string>
            </dict>
            <dict>
                <key>id</key>
                <string>2188</string>
                <key>className</key>
                <string>PTModelSprite</string>
                <key>Name</key>
                <dict>
                    <key>value</key>
                    <string>installll</string>
                </dict>
                <key>pos</key>
                <string>{654.00,567.00}</string>
                <key>offset</key>
                <string>{0.00,0.00}</string>
                <key>size</key>
                <string>{650.00,450.00}</string>
                <key>sourceSize</key>
                <string>{650.00,450.00}</string>
                <key>sourceRect</key>
                <string>{{0.00,0.00},{650.00,450.00}}</string>
            </dict>
            <dict>
                <key>id</key>
                <string>2204</string>
                <key>className</key>
                <string>PTModelSprite</string>
                <key>Name</key>
                <dict>
                    <key>value</key>
                    <string>installbg</string>
                </dict>
                <key>pos</key>
                <string>{0.00,567.00}</string>
                <key>offset</key>
                <string>{0.00,0.00}</string>
                <key>size</key>
                <string>{650.00,450.00}</string>
                <key>sourceSize</key>
                <string>{650.00,450.00}</string>
                <key>sourceRect</key>
                <string>{{0.00,0.00},{650.00,450.00}}</string>
            </dict>
            <dict>
                <key>id</key>
                <string>2205</string>
                <key>className</key>
                <string>PTModelSprite</string>
                <key>Name</key>
                <dict>
                    <key>value</key>
                    <string>installbutton</string>
                </dict>
                <key>pos</key>
                <string>{0.00,1425.00}</string>
                <key>offset</key>
                <string>{11.00,12.00}</string>
                <key>size</key>
                <string>{168.00,167.00}</string>
                <key>sourceSize</key>
                <string>{187.00,185.00}</string>
                <key>sourceRect</key>
                <string>{{11.00,12.00},{168.00,167.00}}</string>
            </dict>
            <dict>
                <key>id</key>
                <string>2206</string>
                <key>className</key>
                <string>PTModelSprite</string>
                <key>Name</key>
                <dict>
                    <key>value</key>
                    <string>installll</string>
                </dict>
                <key>pos</key>
                <string>{654.00,454.00}</string>
                <key>offset</key>
                <string>{0.00,0.00}</string>
                <key>size</key>
                <string>{650.00,450.00}</string>
                <key>sourceSize</key>
                <string>{650.00,450.00}</string>
                <key>sourceRect</key>
                <string>{{0.00,0.00},{650.00,450.00}}</string>
            </dict>
            <dict>
                <key>id</key>
                <string>2212</string>
                <key>className</key>
                <string>PTModelSprite</string>
                <key>Name</key>
                <dict>
                    <key>value</key>
                    <string>installbutton</string>
                </dict>
                <key>pos</key>
                <string>{344.00,1425.00}</string>
                <key>offset</key>
                <string>{11.00,12.00}</string>
                <key>size</key>
                <string>{168.00,167.00}</string>
                <key>sourceSize</key>
                <string>{187.00,185.00}</string>
                <key>sourceRect</key>
                <string>{{11.00,12.00},{168.00,167.00}}</string>
            </dict>
            <dict>
                <key>id</key>
                <string>2213</string>
                <key>className</key>
                <string>PTModelSprite</string>
                <key>Name</key>
                <dict>
                    <key>value</key>
                    <string>installll</string>
                </dict>
                <key>pos</key>
                <string>{0.00,454.00}</string>
                <key>offset</key>
                <string>{0.00,0.00}</string>
                <key>size</key>
                <string>{650.00,450.00}</string>
                <key>sourceSize</key>
                <string>{650.00,450.00}</string>
                <key>sourceRect</key>
                <string>{{0.00,0.00},{650.00,450.00}}</string>
            </dict>
            <dict>
                <key>id</key>
                <string>2214</string>
                <key>className</key>
                <string>PTModelSprite</string>
                <key>Name</key>
                <dict>
                    <key>value</key>
                    <string>installbg</string>
                </dict>
                <key>pos</key>
                <string>{1308.00,0.00}</string>
                <key>offset</key>
                <string>{0.00,0.00}</string>
                <key>size</key>
                <string>{650.00,450.00}</string>
                <key>sourceSize</key>
                <string>{650.00,450.00}</string>
                <key>sourceRect</key>
                <string>{{0.00,0.00},{650.00,450.00}}</string>
            </dict>
            <dict>
                <key>id</key>
                <string>2226</string>
                <key>className</key>
                <string>PTModelSprite</string>
                <key>Name</key>
                <dict>
                    <key>value</key>
                    <string>installbutton</string>
                </dict>
                <key>pos</key>
                <string>{1801.00,1021.00}</string>
                <key>offset</key>
                <string>{11.00,12.00}</string>
                <key>size</key>
                <string>{168.00,167.00}</string>
                <key>sourceSize</key>
                <string>{187.00,185.00}</string>
                <key>sourceRect</key>
                <string>{{11.00,12.00},{168.00,167.00}}</string>
            </dict>
            <dict>
                <key>id</key>
                <string>2233</string>
                <key>className</key>
                <string>PTModelSprite</string>
                <key>Name</key>
                <dict>
                    <key>value</key>
                    <string>installll</string>
                </dict>
                <key>pos</key>
                <string>{654.00,0.00}</string>
                <key>offset</key>
                <string>{0.00,0.00}</string>
                <key>size</key>
                <string>{650.00,450.00}</string>
                <key>sourceSize</key>
                <string>{650.00,450.00}</string>
                <key>sourceRect</key>
                <string>{{0.00,0.00},{650.00,450.00}}</string>
            </dict>
            <dict>
                <key>id</key>
                <string>2238</string>
                <key>className</key>
                <string>PTModelSprite</string>
                <key>Name</key>
                <dict>
                    <key>value</key>
                    <string>home</string>
                </dict>
                <key>pos</key>
                <string>{1424.00,1497.00}</string>
                <key>offset</key>
                <string>{13.00,33.00}</string>
                <key>size</key>
                <string>{126.00,122.00}</string>
                <key>sourceSize</key>
                <string>{157.00,188.00}</string>
                <key>sourceRect</key>
                <string>{{13.00,33.00},{126.00,122.00}}</string>
            </dict>
            <dict>
                <key>id</key>
                <string>2243</string>
                <key>className</key>
                <string>PTModelSprite</string>
                <key>Name</key>
                <dict>
                    <key>value</key>
                    <string>back</string>
                </dict>
                <key>pos</key>
                <string>{1754.00,1312.00}</string>
                <key>offset</key>
                <string>{13.00,5.00}</string>
                <key>size</key>
                <string>{181.00,181.00}</string>
                <key>sourceSize</key>
                <string>{203.00,194.00}</string>
                <key>sourceRect</key>
                <string>{{13.00,5.00},{181.00,181.00}}</string>
            </dict>
            <dict>
                <key>id</key>
                <string>2248</string>
                <key>className</key>
                <string>PTModelSprite</string>
                <key>Name</key>
                <dict>
                    <key>value</key>
                    <string>back</string>
                </dict>
                <key>pos</key>
                <string>{1569.00,1312.00}</string>
                <key>offset</key>
                <string>{13.00,5.00}</string>
                <key>size</key>
                <string>{181.00,181.00}</string>
                <key>sourceSize</key>
                <string>{203.00,194.00}</string>
                <key>sourceRect</key>
                <string>{{13.00,5.00},{181.00,181.00}}</string>
            </dict>
            <dict>
                <key>id</key>
                <string>2253</string>
                <key>className</key>
                <string>PTModelSprite</string>
                <key>Name</key>
                <dict>
                    <key>value</key>
                    <string>home</string>
                </dict>
                <key>pos</key>
                <string>{1294.00,1497.00}</string>
                <key>offset</key>
                <string>{13.00,33.00}</string>
                <key>size</key>
                <string>{126.00,122.00}</string>
                <key>sourceSize</key>
                <string>{157.00,188.00}</string>
                <key>sourceRect</key>
                <string>{{13.00,33.00},{126.00,122.00}}</string>
            </dict>
            <dict>
                <key>id</key>
                <string>2279</string>
                <key>className</key>
                <string>PTModelSprite</string>
                <key>Name</key>
                <dict>
                    <key>value</key>
                    <string>trapsbg</string>
                </dict>
                <key>pos</key>
                <string>{0.00,0.00}</string>
                <key>offset</key>
                <string>{0.00,0.00}</string>
                <key>size</key>
                <string>{650.00,450.00}</string>
                <key>sourceSize</key>
                <string>{650.00,450.00}</string>
                <key>sourceRect</key>
                <string>{{0.00,0.00},{650.00,450.00}}</string>
            </dict>
            <dict>
                <key>id</key>
                <string>2284</string>
                <key>className</key>
                <string>PTModelSprite</string>
                <key>Name</key>
                <dict>
                    <key>value</key>
                    <string>back</string>
                </dict>
                <key>pos</key>
                <string>{1384.00,1312.00}</string>
                <key>offset</key>
                <string>{13.00,5.00}</string>
                <key>size</key>
                <string>{181.00,181.00}</string>
                <key>sourceSize</key>
                <string>{203.00,194.00}</string>
                <key>sourceRect</key>
                <string>{{13.00,5.00},{181.00,181.00}}</string>
            </dict>
            <dict>
                <key>id</key>
                <string>2289</string>
                <key>className</key>
                <string>PTModelSprite</string>
                <key>Name</key>
                <dict>
                    <key>value</key>
                    <string>home</string>
                </dict>
                <key>pos</key>
                <string>{1164.00,1497.00}</string>
                <key>offset</key>
                <string>{13.00,33.00}</string>
                <key>size</key>
                <string>{126.00,122.00}</string>
                <key>sourceSize</key>
                <string>{157.00,188.00}</string>
                <key>sourceRect</key>
                <string>{{13.00,33.00},{126.00,122.00}}</string>
            </dict>
            <dict>
                <key>id</key>
                <string>2294</string>
                <key>className</key>
                <string>PTModelSprite</string>
                <key>Name</key>
                <dict>
                    <key>value</key>
                    <string>home</string>
                </dict>
                <key>pos</key>
                <string>{1034.00,1497.00}</string>
                <key>offset</key>
                <string>{13.00,33.00}</string>
                <key>size</key>
                <string>{126.00,122.00}</string>
                <key>sourceSize</key>
                <string>{157.00,188.00}</string>
                <key>sourceRect</key>
                <string>{{13.00,33.00},{126.00,122.00}}</string>
            </dict>
            <dict>
                <key>id</key>
                <string>2299</string>
                <key>className</key>
                <string>PTModelSprite</string>
                <key>Name</key>
                <dict>
                    <key>value</key>
                    <string>back</string>
                </dict>
                <key>pos</key>
                <string>{1199.00,1312.00}</string>
                <key>offset</key>
                <string>{13.00,5.00}</string>
                <key>size</key>
                <string>{181.00,181.00}</string>
                <key>sourceSize</key>
                <string>{203.00,194.00}</string>
                <key>sourceRect</key>
                <string>{{13.00,5.00},{181.00,181.00}}</string>
            </dict>
            <dict>
                <key>id</key>
                <string>2304</string>
                <key>className</key>
                <string>PTModelSprite</string>
                <key>Name</key>
                <dict>
                    <key>value</key>
                    <string>back</string>
                </dict>
                <key>pos</key>
                <string>{1014.00,1312.00}</string>
                <key>offset</key>
                <string>{13.00,5.00}</string>
                <key>size</key>
                <string>{181.00,181.00}</string>
                <key>sourceSize</key>
                <string>{203.00,194.00}</string>
                <key>sourceRect</key>
                <string>{{13.00,5.00},{181.00,181.00}}</string>
            </dict>
            <dict>
                <key>id</key>
                <string>2309</string>
                <key>className</key>
                <string>PTModelSprite</string>
                <key>Name</key>
                <dict>
                    <key>value</key>
                    <string>home</string>
                </dict>
                <key>pos</key>
                <string>{904.00,1497.00}</string>
                <key>offset</key>
                <string>{13.00,33.00}</string>
                <key>size</key>
                <string>{126.00,122.00}</string>
                <key>sourceSize</key>
                <string>{157.00,188.00}</string>
                <key>sourceRect</key>
                <string>{{13.00,33.00},{126.00,122.00}}</string>
            </dict>
            <dict>
                <key>id</key>
                <string>2314</string>
                <key>className</key>
                <string>PTModelSprite</string>
                <key>Name</key>
                <dict>
                    <key>value</key>
                    <string>home</string>
                </dict>
                <key>pos</key>
                <string>{774.00,1497.00}</string>
                <key>offset</key>
                <string>{13.00,33.00}</string>
                <key>size</key>
                <string>{126.00,122.00}</string>
                <key>sourceSize</key>
                <string>{157.00,188.00}</string>
                <key>sourceRect</key>
                <string>{{13.00,33.00},{126.00,122.00}}</string>
            </dict>
            <dict>
                <key>id</key>
                <string>2319</string>
                <key>className</key>
                <string>PTModelSprite</string>
                <key>Name</key>
                <dict>
                    <key>value</key>
                    <string>back</string>
                </dict>
                <key>pos</key>
                <string>{829.00,1312.00}</string>
                <key>offset</key>
                <string>{13.00,5.00}</string>
                <key>size</key>
                <string>{181.00,181.00}</string>
                <key>sourceSize</key>
                <string>{203.00,194.00}</string>
                <key>sourceRect</key>
                <string>{{13.00,5.00},{181.00,181.00}}</string>
            </dict>
            <dict>
                <key>id</key>
                <string>2324</string>
                <key>className</key>
                <string>PTModelSprite</string>
                <key>Name</key>
                <dict>
                    <key>value</key>
                    <string>back</string>
                </dict>
                <key>pos</key>
                <string>{644.00,1312.00}</string>
                <key>offset</key>
                <string>{13.00,5.00}</string>
                <key>size</key>
                <string>{181.00,181.00}</string>
                <key>sourceSize</key>
                <string>{203.00,194.00}</string>
                <key>sourceRect</key>
                <string>{{13.00,5.00},{181.00,181.00}}</string>
            </dict>
            <dict>
                <key>id</key>
                <string>2329</string>
                <key>className</key>
                <string>PTModelSprite</string>
                <key>Name</key>
                <dict>
                    <key>value</key>
                    <string>home</string>
                </dict>
                <key>pos</key>
                <string>{644.00,1497.00}</string>
                <key>offset</key>
                <string>{13.00,33.00}</string>
                <key>size</key>
                <string>{126.00,122.00}</string>
                <key>sourceSize</key>
                <string>{157.00,188.00}</string>
                <key>sourceRect</key>
                <string>{{13.00,33.00},{126.00,122.00}}</string>
            </dict>
            <dict>
                <key>id</key>
                <string>2334</string>
                <key>className</key>
                <string>PTModelSprite</string>
                <key>Name</key>
                <dict>
                    <key>value</key>
                    <string>Sans titre-1-Récupéré-Récupéré-Récupéré-Récupéré</string>
                </dict>
                <key>pos</key>
                <string>{0.00,0.00}</string>
                <key>offset</key>
                <string>{0.00,0.00}</string>
                <key>size</key>
                <string>{0.00,0.00}</string>
                <key>sourceSize</key>
                <string>{512.00,512.00}</string>
                <key>sourceRect</key>
                <string>{{0.00,0.00},{0.00,0.00}}</string>
            </dict>
            <dict>
                <key>id</key>
                <string>2365</string>
                <key>className</key>
                <string>PTModelSprite</string>
                <key>Name</key>
                <dict>
                    <key>value</key>
                    <string>install</string>
                </dict>
                <key>pos</key>
                <string>{0.00,1714.00}</string>
                <key>offset</key>
                <string>{5.00,4.00}</string>
                <key>size</key>
                <string>{318.00,114.00}</string>
                <key>sourceSize</key>
                <string>{327.00,122.00}</string>
                <key>sourceRect</key>
                <string>{{5.00,4.00},{318.00,114.00}}</string>
            </dict>
            <dict>
                <key>id</key>
                <string>2370</string>
                <key>className</key>
                <string>PTModelSprite</string>
                <key>Name</key>
                <dict>
                    <key>value</key>
                    <string>play</string>
                </dict>
                <key>pos</key>
                <string>{1610.00,1596.00}</string>
                <key>offset</key>
                <string>{5.00,4.00}</string>
                <key>size</key>
                <string>{318.00,114.00}</string>
                <key>sourceSize</key>
                <string>{327.00,122.00}</string>
                <key>sourceRect</key>
                <string>{{5.00,4.00},{318.00,114.00}}</string>
            </dict>
            <dict>
                <key>id</key>
                <string>2375</string>
                <key>className</key>
                <string>PTModelSprite</string>
                <key>Name</key>
                <dict>
                    <key>value</key>
                    <string>review</string>
                </dict>
                <key>pos</key>
                <string>{1288.00,1596.00}</string>
                <key>offset</key>
                <string>{5.00,4.00}</string>
                <key>size</key>
                <string>{318.00,114.00}</string>
                <key>sourceSize</key>
                <string>{327.00,122.00}</string>
                <key>sourceRect</key>
                <string>{{5.00,4.00},{318.00,114.00}}</string>
            </dict>
            <dict>
                <key>id</key>
                <string>2380</string>
                <key>className</key>
                <string>PTModelSprite</string>
                <key>Name</key>
                <dict>
                    <key>value</key>
                    <string>settings</string>
                </dict>
                <key>pos</key>
                <string>{966.00,1596.00}</string>
                <key>offset</key>
                <string>{5.00,4.00}</string>
                <key>size</key>
                <string>{318.00,114.00}</string>
                <key>sourceSize</key>
                <string>{327.00,122.00}</string>
                <key>sourceRect</key>
                <string>{{5.00,4.00},{318.00,114.00}}</string>
            </dict>
            <dict>
                <key>id</key>
                <string>2385</string>
                <key>className</key>
                <string>PTModelSprite</string>
                <key>Name</key>
                <dict>
                    <key>value</key>
                    <string>units</string>
                </dict>
                <key>pos</key>
                <string>{644.00,1596.00}</string>
                <key>offset</key>
                <string>{5.00,4.00}</string>
                <key>size</key>
                <string>{318.00,114.00}</string>
                <key>sourceSize</key>
                <string>{327.00,122.00}</string>
                <key>sourceRect</key>
                <string>{{5.00,4.00},{318.00,114.00}}</string>
            </dict>
            <dict>
                <key>id</key>
                <string>2392</string>
                <key>className</key>
                <string>PTModelSprite</string>
                <key>Name</key>
                <dict>
                    <key>value</key>
                    <string>installbg</string>
                </dict>
                <key>pos</key>
                <string>{644.00,1021.00}</string>
                <key>offset</key>
                <string>{0.00,0.00}</string>
                <key>size</key>
                <string>{550.00,340.00}</string>
                <key>sourceSize</key>
                <string>{550.00,340.00}</string>
                <key>sourceRect</key>
                <string>{{0.00,0.00},{550.00,340.00}}</string>
            </dict>
            <dict>
                <key>id</key>
                <string>2397</string>
                <key>className</key>
                <string>PTModelSprite</string>
                <key>Name</key>
                <dict>
                    <key>value</key>
                    <string>installbutton</string>
                </dict>
                <key>pos</key>
                <string>{1629.00,1021.00}</string>
                <key>offset</key>
                <string>{11.00,12.00}</string>
                <key>size</key>
                <string>{168.00,167.00}</string>
                <key>sourceSize</key>
                <string>{187.00,185.00}</string>
                <key>sourceRect</key>
                <string>{{11.00,12.00},{168.00,167.00}}</string>
            </dict>
            <dict>
                <key>id</key>
                <string>2436</string>
                <key>className</key>
                <string>PTModelSprite</string>
                <key>Name</key>
                <dict>
                    <key>value</key>
                    <string>Sans titre-1-Récupéré</string>
                </dict>
                <key>pos</key>
                <string>{0.00,0.00}</string>
                <key>offset</key>
                <string>{0.00,0.00}</string>
                <key>size</key>
                <string>{0.00,0.00}</string>
                <key>sourceSize</key>
                <string>{512.00,512.00}</string>
                <key>sourceRect</key>
                <string>{{0.00,0.00},{0.00,0.00}}</string>
            </dict>
            <dict>
                <key>id</key>
                <string>2463</string>
                <key>className</key>
                <string>PTModelSprite</string>
                <key>Name</key>
                <dict>
                    <key>value</key>
                    <string>attack</string>
                </dict>
                <key>pos</key>
                <string>{966.00,1716.00}</string>
                <key>offset</key>
                <string>{5.00,4.00}</string>
                <key>size</key>
                <string>{318.00,114.00}</string>
                <key>sourceSize</key>
                <string>{327.00,122.00}</string>
                <key>sourceRect</key>
                <string>{{5.00,4.00},{318.00,114.00}}</string>
            </dict>
            <dict>
                <key>id</key>
                <string>2468</string>
                <key>className</key>
                <string>PTModelSprite</string>
                <key>Name</key>
                <dict>
                    <key>value</key>
                    <string>defence</string>
                </dict>
                <key>pos</key>
                <string>{644.00,1716.00}</string>
                <key>offset</key>
                <string>{5.00,4.00}</string>
                <key>size</key>
                <string>{318.00,114.00}</string>
                <key>sourceSize</key>
                <string>{327.00,122.00}</string>
                <key>sourceRect</key>
                <string>{{5.00,4.00},{318.00,114.00}}</string>
            </dict>
            <dict>
                <key>id</key>
                <string>2473</string>
                <key>className</key>
                <string>PTModelSprite</string>
                <key>Name</key>
                <dict>
                    <key>value</key>
                    <string>instal</string>
                </dict>
                <key>pos</key>
                <string>{322.00,1716.00}</string>
                <key>offset</key>
                <string>{5.00,4.00}</string>
                <key>size</key>
                <string>{318.00,114.00}</string>
                <key>sourceSize</key>
                <string>{327.00,122.00}</string>
                <key>sourceRect</key>
                <string>{{5.00,4.00},{318.00,114.00}}</string>
            </dict>
            <dict>
                <key>id</key>
                <string>2478</string>
                <key>className</key>
                <string>PTModelSprite</string>
                <key>Name</key>
                <dict>
                    <key>value</key>
                    <string>play</string>
                </dict>
                <key>pos</key>
                <string>{0.00,1716.00}</string>
                <key>offset</key>
                <string>{5.00,4.00}</string>
                <key>size</key>
                <string>{318.00,114.00}</string>
                <key>sourceSize</key>
                <string>{327.00,122.00}</string>
                <key>sourceRect</key>
                <string>{{5.00,4.00},{318.00,114.00}}</string>
            </dict>
            <dict>
                <key>id</key>
                <string>2483</string>
                <key>className</key>
                <string>PTModelSprite</string>
                <key>Name</key>
                <dict>
                    <key>value</key>
                    <string>score</string>
                </dict>
                <key>pos</key>
                <string>{1554.00,1497.00}</string>
                <key>offset</key>
                <string>{5.00,4.00}</string>
                <key>size</key>
                <string>{318.00,114.00}</string>
                <key>sourceSize</key>
                <string>{327.00,122.00}</string>
                <key>sourceRect</key>
                <string>{{5.00,4.00},{318.00,114.00}}</string>
            </dict>
            <dict>
                <key>id</key>
                <string>2514</string>
                <key>className</key>
                <string>PTModelSprite</string>
                <key>Name</key>
                <dict>
                    <key>value</key>
                    <string>Sans titre-2-Récupéré</string>
                </dict>
                <key>pos</key>
                <string>{0.00,0.00}</string>
                <key>offset</key>
                <string>{0.00,0.00}</string>
                <key>size</key>
                <string>{0.00,0.00}</string>
                <key>sourceSize</key>
                <string>{512.00,512.00}</string>
                <key>sourceRect</key>
                <string>{{0.00,0.00},{0.00,0.00}}</string>
            </dict>
            <dict>
                <key>id</key>
                <string>2544</string>
                <key>className</key>
                <string>PTModelSprite</string>
                <key>Name</key>
                <dict>
                    <key>value</key>
                    <string>crafting</string>
                </dict>
                <key>pos</key>
                <string>{322.00,1596.00}</string>
                <key>offset</key>
                <string>{5.00,4.00}</string>
                <key>size</key>
                <string>{318.00,114.00}</string>
                <key>sourceSize</key>
                <string>{327.00,122.00}</string>
                <key>sourceRect</key>
                <string>{{5.00,4.00},{318.00,114.00}}</string>
            </dict>
            <dict>
                <key>id</key>
                <string>2549</string>
                <key>className</key>
                <string>PTModelSprite</string>
                <key>Name</key>
                <dict>
                    <key>value</key>
                    <string>ox</string>
                </dict>
                <key>pos</key>
                <string>{0.00,1596.00}</string>
                <key>offset</key>
                <string>{5.00,4.00}</string>
                <key>size</key>
                <string>{318.00,114.00}</string>
                <key>sourceSize</key>
                <string>{327.00,122.00}</string>
                <key>sourceRect</key>
                <string>{{5.00,4.00},{318.00,114.00}}</string>
            </dict>
            <dict>
                <key>id</key>
                <string>2574</string>
                <key>className</key>
                <string>PTModelSprite</string>
                <key>Name</key>
                <dict>
                    <key>value</key>
                    <string>Sans titre-2-Récupéré</string>
                </dict>
                <key>pos</key>
                <string>{0.00,0.00}</string>
                <key>offset</key>
                <string>{0.00,0.00}</string>
                <key>size</key>
                <string>{0.00,0.00}</string>
                <key>sourceSize</key>
                <string>{512.00,512.00}</string>
                <key>sourceRect</key>
                <string>{{0.00,0.00},{0.00,0.00}}</string>
            </dict>
            <dict>
                <key>id</key>
                <string>2580</string>
                <key>className</key>
                <string>PTModelSprite</string>
                <key>Name</key>
                <dict>
                    <key>value</key>
                    <string>Sans titre-2-Récupéré</string>
                </dict>
                <key>pos</key>
                <string>{0.00,0.00}</string>
                <key>offset</key>
                <string>{0.00,0.00}</string>
                <key>size</key>
                <string>{0.00,0.00}</string>
                <key>sourceSize</key>
                <string>{512.00,512.00}</string>
                <key>sourceRect</key>
                <string>{{0.00,0.00},{0.00,0.00}}</string>
            </dict>
            <dict>
                <key>id</key>
                <string>2604</string>
                <key>className</key>
                <string>PTModelSprite</string>
                <key>Name</key>
                <dict>
                    <key>value</key>
                    <string>review</string>
                </dict>
                <key>pos</key>
                <string>{1449.00,1425.00}</string>
                <key>offset</key>
                <string>{5.00,4.00}</string>
                <key>size</key>
                <string>{318.00,114.00}</string>
                <key>sourceSize</key>
                <string>{327.00,122.00}</string>
                <key>sourceRect</key>
                <string>{{5.00,4.00},{318.00,114.00}}</string>
            </dict>
            <dict>
                <key>id</key>
                <string>2609</string>
                <key>className</key>
                <string>PTModelSprite</string>
                <key>Name</key>
                <dict>
                    <key>value</key>
                    <string>settings</string>
                </dict>
                <key>pos</key>
                <string>{1127.00,1425.00}</string>
                <key>offset</key>
                <string>{5.00,4.00}</string>
                <key>size</key>
                <string>{318.00,114.00}</string>
                <key>sourceSize</key>
                <string>{327.00,122.00}</string>
                <key>sourceRect</key>
                <string>{{5.00,4.00},{318.00,114.00}}</string>
            </dict>
            <dict>
                <key>id</key>
                <string>2634</string>
                <key>className</key>
                <string>PTModelSprite</string>
                <key>Name</key>
                <dict>
                    <key>value</key>
                    <string>icone1</string>
                </dict>
                <key>pos</key>
                <string>{0.00,0.00}</string>
                <key>offset</key>
                <string>{0.00,0.00}</string>
                <key>size</key>
                <string>{0.00,0.00}</string>
                <key>sourceSize</key>
                <string>{512.00,512.00}</string>
                <key>sourceRect</key>
                <string>{{0.00,0.00},{0.00,0.00}}</string>
            </dict>
            <dict>
                <key>id</key>
                <string>2645</string>
                <key>className</key>
                <string>PTModelSprite</string>
                <key>Name</key>
                <dict>
                    <key>value</key>
                    <string>robot</string>
                </dict>
                <key>pos</key>
                <string>{805.00,1425.00}</string>
                <key>offset</key>
                <string>{5.00,4.00}</string>
                <key>size</key>
                <string>{318.00,114.00}</string>
                <key>sourceSize</key>
                <string>{327.00,122.00}</string>
                <key>sourceRect</key>
                <string>{{5.00,4.00},{318.00,114.00}}</string>
            </dict>
            <dict>
                <key>id</key>
                <string>2651</string>
                <key>className</key>
                <string>PTModelSprite</string>
                <key>Name</key>
                <dict>
                    <key>value</key>
                    <string>robotbg</string>
                </dict>
                <key>pos</key>
                <string>{0.00,1312.00}</string>
                <key>offset</key>
                <string>{0.00,0.00}</string>
                <key>size</key>
                <string>{640.00,400.00}</string>
                <key>sourceSize</key>
                <string>{640.00,400.00}</string>
                <key>sourceRect</key>
                <string>{{0.00,0.00},{640.00,400.00}}</string>
            </dict>
            <dict>
                <key>id</key>
                <string>2657</string>
                <key>className</key>
                <string>PTModelSprite</string>
                <key>Name</key>
                <dict>
                    <key>value</key>
                    <string>settingsbg</string>
                </dict>
                <key>pos</key>
                <string>{1288.00,908.00}</string>
                <key>offset</key>
                <string>{0.00,0.00}</string>
                <key>size</key>
                <string>{640.00,400.00}</string>
                <key>sourceSize</key>
                <string>{640.00,400.00}</string>
                <key>sourceRect</key>
                <string>{{0.00,0.00},{640.00,400.00}}</string>
            </dict>
            <dict>
                <key>id</key>
                <string>2663</string>
                <key>className</key>
                <string>PTModelSprite</string>
                <key>Name</key>
                <dict>
                    <key>value</key>
                    <string>playbg</string>
                </dict>
                <key>pos</key>
                <string>{644.00,908.00}</string>
                <key>offset</key>
                <string>{0.00,0.00}</string>
                <key>size</key>
                <string>{640.00,400.00}</string>
                <key>sourceSize</key>
                <string>{640.00,400.00}</string>
                <key>sourceRect</key>
                <string>{{0.00,0.00},{640.00,400.00}}</string>
            </dict>
            <dict>
                <key>id</key>
                <string>2669</string>
                <key>className</key>
                <string>PTModelSprite</string>
                <key>Name</key>
                <dict>
                    <key>value</key>
                    <string>Score</string>
                </dict>
                <key>pos</key>
                <string>{1308.00,567.00}</string>
                <key>offset</key>
                <string>{0.00,0.00}</string>
                <key>size</key>
                <string>{640.00,400.00}</string>
                <key>sourceSize</key>
                <string>{640.00,400.00}</string>
                <key>sourceRect</key>
                <string>{{0.00,0.00},{640.00,400.00}}</string>
            </dict>
            <dict>
                <key>id</key>
                <string>2675</string>
                <key>className</key>
                <string>PTModelSprite</string>
                <key>Name</key>
                <dict>
                    <key>value</key>
                    <string>bg</string>
                </dict>
                <key>pos</key>
                <string>{0.00,908.00}</string>
                <key>offset</key>
                <string>{0.00,0.00}</string>
                <key>size</key>
                <string>{640.00,400.00}</string>
                <key>sourceSize</key>
                <string>{640.00,400.00}</string>
                <key>sourceRect</key>
                <string>{{0.00,0.00},{640.00,400.00}}</string>
            </dict>
            <dict>
                <key>id</key>
                <string>2694</string>
                <key>className</key>
                <string>PTModelSprite</string>
                <key>Name</key>
                <dict>
                    <key>value</key>
                    <string>Sans titre-2-Récupéré</string>
                </dict>
                <key>pos</key>
                <string>{0.00,0.00}</string>
                <key>offset</key>
                <string>{0.00,0.00}</string>
                <key>size</key>
                <string>{0.00,0.00}</string>
                <key>sourceSize</key>
                <string>{512.00,512.00}</string>
                <key>sourceRect</key>
                <string>{{0.00,0.00},{0.00,0.00}}</string>
            </dict>
            <dict>
                <key>id</key>
                <string>2699</string>
                <key>className</key>
                <string>PTModelSprite</string>
                <key>Name</key>
                <dict>
                    <key>value</key>
                    <string>bg</string>
                </dict>
                <key>pos</key>
                <string>{1308.00,454.00}</string>
                <key>offset</key>
                <string>{0.00,0.00}</string>
                <key>size</key>
                <string>{640.00,400.00}</string>
                <key>sourceSize</key>
                <string>{640.00,400.00}</string>
                <key>sourceRect</key>
                <string>{{0.00,0.00},{640.00,400.00}}</string>
            </dict>
            <dict>
                <key>id</key>
                <string>2705</string>
                <key>className</key>
                <string>PTModelSprite</string>
                <key>Name</key>
                <dict>
                    <key>value</key>
                    <string>bg</string>
                </dict>
                <key>pos</key>
                <string>{0.00,1021.00}</string>
                <key>offset</key>
                <string>{0.00,0.00}</string>
                <key>size</key>
                <string>{640.00,400.00}</string>
                <key>sourceSize</key>
                <string>{640.00,400.00}</string>
                <key>sourceRect</key>
                <string>{{0.00,0.00},{640.00,400.00}}</string>
            </dict>
            <dict>
                <key>id</key>
                <string>2712</string>
                <key>className</key>
                <string>PTModelSprite</string>
                <key>Name</key>
                <dict>
                    <key>value</key>
                    <string>cloneicone</string>
                </dict>
                <key>pos</key>
                <string>{0.00,0.00}</string>
                <key>offset</key>
                <string>{0.00,0.00}</string>
                <key>size</key>
                <string>{0.00,0.00}</string>
                <key>sourceSize</key>
                <string>{512.00,512.00}</string>
                <key>sourceRect</key>
                <string>{{0.00,0.00},{0.00,0.00}}</string>
            </dict>
        </array>
    </dict>
</plist>
