<?xml version="1.0" encoding="UTF-8"?>
<!DOCTYPE plist PUBLIC "-//Apple//DTD PLIST 1.0//EN" "http://www.apple.com/DTDs/PropertyList-1.0.dtd"/>

<plist version="1.0">
    <dict>
        <key>ROOT</key>
        <array>
            <dict>
                <key>id</key>
                <string>106</string>
            </dict>
            <dict>
                <key>id</key>
                <string>110</string>
            </dict>
            <dict>
                <key>id</key>
                <string>121</string>
            </dict>
            <dict>
                <key>id</key>
                <string>151</string>
            </dict>
            <dict>
                <key>id</key>
                <string>342</string>
            </dict>
            <dict>
                <key>id</key>
                <string>442</string>
            </dict>
            <dict>
                <key>id</key>
                <string>992</string>
            </dict>
            <dict>
                <key>id</key>
                <string>1043</string>
            </dict>
            <dict>
                <key>id</key>
                <string>1051</string>
            </dict>
            <dict>
                <key>id</key>
                <string>1187</string>
            </dict>
            <dict>
                <key>id</key>
                <string>2095</string>
            </dict>
            <dict>
                <key>id</key>
                <string>2114</string>
            </dict>
            <dict>
                <key>id</key>
                <string>2119</string>
            </dict>
            <dict>
                <key>id</key>
                <string>2152</string>
            </dict>
            <dict>
                <key>id</key>
                <string>2157</string>
            </dict>
            <dict>
                <key>id</key>
                <string>2162</string>
            </dict>
            <dict>
                <key>id</key>
                <string>2167</string>
            </dict>
            <dict>
                <key>id</key>
                <string>2172</string>
            </dict>
            <dict>
                <key>id</key>
                <string>2177</string>
            </dict>
            <dict>
                <key>id</key>
                <string>2187</string>
            </dict>
            <dict>
                <key>id</key>
                <string>2188</string>
            </dict>
            <dict>
                <key>id</key>
                <string>2204</string>
            </dict>
            <dict>
                <key>id</key>
                <string>2205</string>
            </dict>
            <dict>
                <key>id</key>
                <string>2206</string>
            </dict>
            <dict>
                <key>id</key>
                <string>2212</string>
            </dict>
            <dict>
                <key>id</key>
                <string>2213</string>
            </dict>
            <dict>
                <key>id</key>
                <string>2214</string>
            </dict>
            <dict>
                <key>id</key>
                <string>2226</string>
            </dict>
            <dict>
                <key>id</key>
                <string>2233</string>
            </dict>
            <dict>
                <key>id</key>
                <string>2238</string>
            </dict>
            <dict>
                <key>id</key>
                <string>2243</string>
            </dict>
            <dict>
                <key>id</key>
                <string>2248</string>
            </dict>
            <dict>
                <key>id</key>
                <string>2253</string>
            </dict>
            <dict>
                <key>id</key>
                <string>2279</string>
            </dict>
            <dict>
                <key>id</key>
                <string>2284</string>
            </dict>
            <dict>
                <key>id</key>
                <string>2289</string>
            </dict>
            <dict>
                <key>id</key>
                <string>2294</string>
            </dict>
            <dict>
                <key>id</key>
                <string>2299</string>
            </dict>
            <dict>
                <key>id</key>
                <string>2304</string>
            </dict>
            <dict>
                <key>id</key>
                <string>2309</string>
            </dict>
            <dict>
                <key>id</key>
                <string>2314</string>
            </dict>
            <dict>
                <key>id</key>
                <string>2319</string>
            </dict>
            <dict>
                <key>id</key>
                <string>2324</string>
            </dict>
            <dict>
                <key>id</key>
                <string>2329</string>
            </dict>
            <dict>
                <key>id</key>
                <string>2334</string>
            </dict>
            <dict>
                <key>id</key>
                <string>2365</string>
            </dict>
            <dict>
                <key>id</key>
                <string>2370</string>
            </dict>
            <dict>
                <key>id</key>
                <string>2375</string>
            </dict>
            <dict>
                <key>id</key>
                <string>2380</string>
            </dict>
            <dict>
                <key>id</key>
                <string>2385</string>
            </dict>
            <dict>
                <key>id</key>
                <string>2392</string>
            </dict>
            <dict>
                <key>id</key>
                <string>2397</string>
            </dict>
            <dict>
                <key>id</key>
                <string>2436</string>
            </dict>
            <dict>
                <key>id</key>
                <string>2463</string>
            </dict>
            <dict>
                <key>id</key>
                <string>2468</string>
            </dict>
            <dict>
                <key>id</key>
                <string>2473</string>
            </dict>
            <dict>
                <key>id</key>
                <string>2478</string>
            </dict>
            <dict>
                <key>id</key>
                <string>2483</string>
            </dict>
            <dict>
                <key>id</key>
                <string>2514</string>
            </dict>
            <dict>
                <key>id</key>
                <string>2544</string>
            </dict>
            <dict>
                <key>id</key>
                <string>2549</string>
            </dict>
            <dict>
                <key>id</key>
                <string>2574</string>
            </dict>
            <dict>
                <key>id</key>
                <string>2580</string>
            </dict>
            <dict>
                <key>id</key>
                <string>2604</string>
            </dict>
            <dict>
                <key>id</key>
                <string>2609</string>
            </dict>
            <dict>
                <key>id</key>
                <string>2634</string>
            </dict>
            <dict>
                <key>id</key>
                <string>2645</string>
            </dict>
            <dict>
                <key>id</key>
                <string>2651</string>
            </dict>
            <dict>
                <key>id</key>
                <string>2657</string>
            </dict>
            <dict>
                <key>id</key>
                <string>2663</string>
            </dict>
            <dict>
                <key>id</key>
                <string>2669</string>
            </dict>
            <dict>
                <key>id</key>
                <string>2675</string>
            </dict>
            <dict>
                <key>id</key>
                <string>2694</string>
            </dict>
            <dict>
                <key>id</key>
                <string>2699</string>
            </dict>
            <dict>
                <key>id</key>
                <string>2705</string>
            </dict>
            <dict>
                <key>id</key>
                <string>2712</string>
            </dict>
        </array>
    </dict>
</plist>
