<?xml version="1.0" encoding="UTF-8"?>
<!DOCTYPE plist PUBLIC "-//Apple//DTD PLIST 1.0//EN" "http://www.apple.com/DTDs/PropertyList-1.0.dtd"/>

<plist version="1.0">
    <dict>
        <key>ROOT</key>
        <array>
            <dict>
                <key>id</key>
                <string>1847</string>
                <key>className</key>
                <string>PTModelObjectBackground</string>
                <key>Name</key>
                <dict>
                    <key>value</key>
                    <string>Background</string>
                </dict>
                <key>Position</key>
                <dict>
                    <key>value</key>
                    <string>{861.733,317.918}</string>
                </dict>
                <key>Scale</key>
                <dict>
                    <key>value</key>
                    <string>{5.184,5.083}</string>
                </dict>
                <key>Hidden</key>
                <dict>
                    <key>visible</key>
                    <string>0</string>
                </dict>
                <key>Locked</key>
                <dict>
                    <key>visible</key>
                    <string>0</string>
                </dict>
                <key>Tiling Offset</key>
                <dict>
                    <key>value</key>
                    <string>-2.000000</string>
                </dict>
                <key>zDepth</key>
                <string>-100</string>
            </dict>
            <dict>
                <key>id</key>
                <string>1848</string>
                <key>className</key>
                <string>PTModelObjectBackground</string>
                <key>Name</key>
                <dict>
                    <key>value</key>
                    <string>DarkClouds</string>
                </dict>
                <key>Position</key>
                <dict>
                    <key>value</key>
                    <string>{0.100,414.824}</string>
                </dict>
                <key>Scale</key>
                <dict>
                    <key>value</key>
                    <string>{1.392,1.982}</string>
                </dict>
                <key>Hidden</key>
                <dict>
                    <key>visible</key>
                    <string>0</string>
                </dict>
                <key>Locked</key>
                <dict>
                    <key>visible</key>
                    <string>0</string>
                    <key>value</key>
                    <string>1</string>
                </dict>
                <key>Opacity</key>
                <dict>
                    <key>value</key>
                    <string>0.500000</string>
                </dict>
                <key>Speed</key>
                <dict>
                    <key>value</key>
                    <string>0.200000</string>
                </dict>
                <key>zDepth</key>
                <string>-99</string>
            </dict>
        </array>
    </dict>
</plist>
