<?xml version="1.0" encoding="UTF-8"?>
<!DOCTYPE plist PUBLIC "-//Apple//DTD PLIST 1.0//EN" "http://www.apple.com/DTDs/PropertyList-1.0.dtd"/>

<plist version="1.0">
    <dict>
        <key>ROOT</key>
        <array>
            <dict>
                <key>id</key>
                <string>1341</string>
                <key>className</key>
                <string>PTModelObjectAssetUnit</string>
                <key>Object Type</key>
                <dict>
                    <key>selectedStringValue</key>
                    <string>kPlatformObjectType</string>
                </dict>
                <key>Movement Type</key>
                <dict>
                    <key>selectedStringValue</key>
                    <string>kMovementLinear</string>
                </dict>
                <key>Name</key>
                <dict>
                    <key>value</key>
                    <string>Platform</string>
                </dict>
                <key>Position</key>
                <dict>
                    <key>value</key>
                    <string>{-12.861,335.020}</string>
                </dict>
                <key>Rotation</key>
                <dict>
                    <key>value</key>
                    <string>90.000000</string>
                </dict>
                <key>Scale</key>
                <dict>
                    <key>value</key>
                    <string>{2.917,1.347}</string>
                </dict>
                <key>Hidden</key>
                <dict>
                    <key>visible</key>
                    <string>0</string>
                </dict>
                <key>Locked</key>
                <dict>
                    <key>visible</key>
                    <string>0</string>
                </dict>
                <key>Asset</key>
                <dict>
                    <key>visible</key>
                    <string>0</string>
                </dict>
                <key>Linear Velocity</key>
                <dict>
                    <key>value</key>
                    <string>{0.000,0.000}</string>
                </dict>
                <key>Collision Type</key>
                <dict>
                    <key>selectedStringValue</key>
                    <string>kCharacterCollision</string>
                </dict>
                <key>Destroy Type</key>
                <dict>
                    <key>selectedStringValue</key>
                    <string>kDestroyNo</string>
                </dict>
                <key>zDepth</key>
                <string>0</string>
            </dict>
            <dict>
                <key>id</key>
                <string>1384</string>
                <key>className</key>
                <string>PTModelObjectAssetUnit</string>
                <key>Object Type</key>
                <dict>
                    <key>selectedStringValue</key>
                    <string>kPlatformObjectType</string>
                </dict>
                <key>Movement Type</key>
                <dict>
                    <key>selectedStringValue</key>
                    <string>kMovementLinear</string>
                </dict>
                <key>Name</key>
                <dict>
                    <key>value</key>
                    <string>Platform</string>
                </dict>
                <key>Position</key>
                <dict>
                    <key>value</key>
                    <string>{500.000,70.000}</string>
                </dict>
                <key>Rotation</key>
                <dict>
                    <key>value</key>
                    <string>90.000000</string>
                </dict>
                <key>Scale</key>
                <dict>
                    <key>value</key>
                    <string>{0.679,5.661}</string>
                </dict>
                <key>Hidden</key>
                <dict>
                    <key>visible</key>
                    <string>0</string>
                </dict>
                <key>Locked</key>
                <dict>
                    <key>visible</key>
                    <string>0</string>
                </dict>
                <key>Asset</key>
                <dict>
                    <key>visible</key>
                    <string>0</string>
                </dict>
                <key>Linear Velocity</key>
                <dict>
                    <key>value</key>
                    <string>{0.000,0.000}</string>
                </dict>
                <key>Collision Type</key>
                <dict>
                    <key>selectedStringValue</key>
                    <string>kCharacterCollision</string>
                </dict>
                <key>Destroy Type</key>
                <dict>
                    <key>selectedStringValue</key>
                    <string>kDestroyNo</string>
                </dict>
                <key>zDepth</key>
                <string>2</string>
            </dict>
            <dict>
                <key>id</key>
                <string>1981</string>
                <key>className</key>
                <string>PTModelObjectAssetUnit</string>
                <key>Object Type</key>
                <dict>
                    <key>selectedStringValue</key>
                    <string>kPlatformObjectType</string>
                </dict>
                <key>Movement Type</key>
                <dict>
                    <key>selectedStringValue</key>
                    <string>kMovementLinear</string>
                </dict>
                <key>Name</key>
                <dict>
                    <key>value</key>
                    <string>Platform</string>
                </dict>
                <key>Position</key>
                <dict>
                    <key>value</key>
                    <string>{550.000,71.703}</string>
                </dict>
                <key>Rotation</key>
                <dict>
                    <key>value</key>
                    <string>90.000000</string>
                </dict>
                <key>Scale</key>
                <dict>
                    <key>value</key>
                    <string>{0.679,5.086}</string>
                </dict>
                <key>Hidden</key>
                <dict>
                    <key>visible</key>
                    <string>0</string>
                </dict>
                <key>Locked</key>
                <dict>
                    <key>visible</key>
                    <string>0</string>
                </dict>
                <key>Asset</key>
                <dict>
                    <key>visible</key>
                    <string>0</string>
                </dict>
                <key>Linear Velocity</key>
                <dict>
                    <key>value</key>
                    <string>{0.000,0.000}</string>
                </dict>
                <key>Collision Type</key>
                <dict>
                    <key>selectedStringValue</key>
                    <string>kCharacterCollision</string>
                </dict>
                <key>Destroy Type</key>
                <dict>
                    <key>selectedStringValue</key>
                    <string>kDestroyNo</string>
                </dict>
                <key>zDepth</key>
                <string>1</string>
            </dict>
            <dict>
                <key>id</key>
                <string>1982</string>
                <key>className</key>
                <string>PTModelObjectAssetUnit</string>
                <key>Object Type</key>
                <dict>
                    <key>selectedStringValue</key>
                    <string>kPlatformObjectType</string>
                </dict>
                <key>Movement Type</key>
                <dict>
                    <key>selectedStringValue</key>
                    <string>kMovementLinear</string>
                </dict>
                <key>Name</key>
                <dict>
                    <key>value</key>
                    <string>Platform</string>
                </dict>
                <key>Position</key>
                <dict>
                    <key>value</key>
                    <string>{550.000,681.038}</string>
                </dict>
                <key>Rotation</key>
                <dict>
                    <key>value</key>
                    <string>90.000000</string>
                </dict>
                <key>Scale</key>
                <dict>
                    <key>value</key>
                    <string>{1.154,5.085}</string>
                </dict>
                <key>Hidden</key>
                <dict>
                    <key>visible</key>
                    <string>0</string>
                </dict>
                <key>Locked</key>
                <dict>
                    <key>visible</key>
                    <string>0</string>
                </dict>
                <key>Asset</key>
                <dict>
                    <key>visible</key>
                    <string>0</string>
                </dict>
                <key>Linear Velocity</key>
                <dict>
                    <key>value</key>
                    <string>{0.000,0.000}</string>
                </dict>
                <key>Collision Type</key>
                <dict>
                    <key>selectedStringValue</key>
                    <string>kCharacterCollision</string>
                </dict>
                <key>Destroy Type</key>
                <dict>
                    <key>selectedStringValue</key>
                    <string>kDestroyNo</string>
                </dict>
                <key>zDepth</key>
                <string>0</string>
            </dict>
            <dict>
                <key>id</key>
                <string>1988</string>
                <key>className</key>
                <string>PTModelObjectAssetUnit</string>
                <key>Object Type</key>
                <dict>
                    <key>selectedStringValue</key>
                    <string>kEnemyObjectType</string>
                </dict>
                <key>Movement Type</key>
                <dict>
                    <key>selectedStringValue</key>
                    <string>kMovementLinear</string>
                </dict>
                <key>Name</key>
                <dict>
                    <key>value</key>
                    <string>Enemy</string>
                </dict>
                <key>Position</key>
                <dict>
                    <key>value</key>
                    <string>{200.000,174.410}</string>
                </dict>
                <key>Scale</key>
                <dict>
                    <key>value</key>
                    <string>{0.270,0.269}</string>
                </dict>
                <key>Hidden</key>
                <dict>
                    <key>visible</key>
                    <string>0</string>
                </dict>
                <key>Locked</key>
                <dict>
                    <key>visible</key>
                    <string>0</string>
                </dict>
                <key>Asset</key>
                <dict>
                    <key>visible</key>
                    <string>0</string>
                </dict>
                <key>Linear Velocity</key>
                <dict>
                    <key>value</key>
                    <string>{0.000,0.000}</string>
                </dict>
                <key>Collision Type</key>
                <dict>
                    <key>selectedStringValue</key>
                    <string>kNoCollision</string>
                </dict>
                <key>Destroy Type</key>
                <dict>
                    <key>selectedStringValue</key>
                    <string>kDestroyCollision</string>
                </dict>
                <key>zDepth</key>
                <string>2</string>
            </dict>
            <dict>
                <key>id</key>
                <string>1990</string>
                <key>className</key>
                <string>PTModelObjectAssetUnit</string>
                <key>Object Type</key>
                <dict>
                    <key>selectedStringValue</key>
                    <string>kEnemyObjectType</string>
                </dict>
                <key>Movement Type</key>
                <dict>
                    <key>selectedStringValue</key>
                    <string>kMovementLinear</string>
                </dict>
                <key>Name</key>
                <dict>
                    <key>value</key>
                    <string>Enemy</string>
                </dict>
                <key>Position</key>
                <dict>
                    <key>value</key>
                    <string>{677.505,523.252}</string>
                </dict>
                <key>Rotation</key>
                <dict>
                    <key>value</key>
                    <string>180.000000</string>
                </dict>
                <key>Scale</key>
                <dict>
                    <key>value</key>
                    <string>{0.270,0.269}</string>
                </dict>
                <key>Hidden</key>
                <dict>
                    <key>visible</key>
                    <string>0</string>
                </dict>
                <key>Locked</key>
                <dict>
                    <key>visible</key>
                    <string>0</string>
                </dict>
                <key>Asset</key>
                <dict>
                    <key>visible</key>
                    <string>0</string>
                </dict>
                <key>Linear Velocity</key>
                <dict>
                    <key>value</key>
                    <string>{0.000,0.000}</string>
                </dict>
                <key>Collision Type</key>
                <dict>
                    <key>selectedStringValue</key>
                    <string>kNoCollision</string>
                </dict>
                <key>Destroy Type</key>
                <dict>
                    <key>selectedStringValue</key>
                    <string>kDestroyCollision</string>
                </dict>
                <key>zDepth</key>
                <string>8</string>
            </dict>
            <dict>
                <key>id</key>
                <string>2000</string>
                <key>className</key>
                <string>PTModelObjectAssetUnit</string>
                <key>Object Type</key>
                <dict>
                    <key>selectedStringValue</key>
                    <string>kEnemyObjectType</string>
                </dict>
                <key>Movement Type</key>
                <dict>
                    <key>selectedStringValue</key>
                    <string>kMovementLinear</string>
                </dict>
                <key>Name</key>
                <dict>
                    <key>value</key>
                    <string>Enemy</string>
                </dict>
                <key>Position</key>
                <dict>
                    <key>value</key>
                    <string>{198.672,455.838}</string>
                </dict>
                <key>Rotation</key>
                <dict>
                    <key>value</key>
                    <string>90.000000</string>
                </dict>
                <key>Scale</key>
                <dict>
                    <key>value</key>
                    <string>{0.440,0.439}</string>
                </dict>
                <key>Hidden</key>
                <dict>
                    <key>visible</key>
                    <string>0</string>
                </dict>
                <key>Locked</key>
                <dict>
                    <key>visible</key>
                    <string>0</string>
                </dict>
                <key>Asset</key>
                <dict>
                    <key>visible</key>
                    <string>0</string>
                </dict>
                <key>Linear Velocity</key>
                <dict>
                    <key>value</key>
                    <string>{0.000,0.000}</string>
                </dict>
                <key>Angular Velocity</key>
                <dict>
                    <key>value</key>
                    <string>15.000000</string>
                </dict>
                <key>Collision Type</key>
                <dict>
                    <key>selectedStringValue</key>
                    <string>kNoCollision</string>
                </dict>
                <key>Destroy Type</key>
                <dict>
                    <key>selectedStringValue</key>
                    <string>kDestroyCollision</string>
                </dict>
                <key>zDepth</key>
                <string>13</string>
            </dict>
            <dict>
                <key>id</key>
                <string>2016</string>
                <key>className</key>
                <string>PTModelObjectAssetUnit</string>
                <key>Object Type</key>
                <dict>
                    <key>selectedStringValue</key>
                    <string>kEnemyObjectType</string>
                </dict>
                <key>Movement Type</key>
                <dict>
                    <key>selectedStringValue</key>
                    <string>kMovementLinear</string>
                </dict>
                <key>Name</key>
                <dict>
                    <key>value</key>
                    <string>Enemy</string>
                </dict>
                <key>Position</key>
                <dict>
                    <key>value</key>
                    <string>{539.493,387.955}</string>
                </dict>
                <key>Rotation</key>
                <dict>
                    <key>value</key>
                    <string>90.000000</string>
                </dict>
                <key>Scale</key>
                <dict>
                    <key>value</key>
                    <string>{0.200,0.200}</string>
                </dict>
                <key>Hidden</key>
                <dict>
                    <key>visible</key>
                    <string>0</string>
                </dict>
                <key>Locked</key>
                <dict>
                    <key>visible</key>
                    <string>0</string>
                </dict>
                <key>Asset</key>
                <dict>
                    <key>visible</key>
                    <string>0</string>
                </dict>
                <key>Linear Velocity</key>
                <dict>
                    <key>value</key>
                    <string>{0.000,0.000}</string>
                </dict>
                <key>Angular Velocity</key>
                <dict>
                    <key>value</key>
                    <string>15.000000</string>
                </dict>
                <key>Collision Type</key>
                <dict>
                    <key>selectedStringValue</key>
                    <string>kNoCollision</string>
                </dict>
                <key>Destroy Type</key>
                <dict>
                    <key>selectedStringValue</key>
                    <string>kDestroyCollision</string>
                </dict>
                <key>zDepth</key>
                <string>15</string>
            </dict>
            <dict>
                <key>id</key>
                <string>2018</string>
                <key>className</key>
                <string>PTModelObjectAssetUnit</string>
                <key>Object Type</key>
                <dict>
                    <key>selectedStringValue</key>
                    <string>kEnemyObjectType</string>
                </dict>
                <key>Movement Type</key>
                <dict>
                    <key>selectedStringValue</key>
                    <string>kMovementLinear</string>
                </dict>
                <key>Name</key>
                <dict>
                    <key>value</key>
                    <string>Enemy</string>
                </dict>
                <key>Position</key>
                <dict>
                    <key>value</key>
                    <string>{892.106,293.674}</string>
                </dict>
                <key>Rotation</key>
                <dict>
                    <key>value</key>
                    <string>90.000000</string>
                </dict>
                <key>Scale</key>
                <dict>
                    <key>value</key>
                    <string>{0.300,0.300}</string>
                </dict>
                <key>Hidden</key>
                <dict>
                    <key>visible</key>
                    <string>0</string>
                </dict>
                <key>Locked</key>
                <dict>
                    <key>visible</key>
                    <string>0</string>
                </dict>
                <key>Asset</key>
                <dict>
                    <key>visible</key>
                    <string>0</string>
                </dict>
                <key>Linear Velocity</key>
                <dict>
                    <key>value</key>
                    <string>{0.000,0.000}</string>
                </dict>
                <key>Angular Velocity</key>
                <dict>
                    <key>value</key>
                    <string>15.000000</string>
                </dict>
                <key>Collision Type</key>
                <dict>
                    <key>selectedStringValue</key>
                    <string>kNoCollision</string>
                </dict>
                <key>Destroy Type</key>
                <dict>
                    <key>selectedStringValue</key>
                    <string>kDestroyCollision</string>
                </dict>
                <key>zDepth</key>
                <string>14</string>
            </dict>
            <dict>
                <key>id</key>
                <string>2020</string>
                <key>className</key>
                <string>PTModelObjectAssetUnit</string>
                <key>Object Type</key>
                <dict>
                    <key>selectedStringValue</key>
                    <string>kEnemyObjectType</string>
                </dict>
                <key>Movement Type</key>
                <dict>
                    <key>selectedStringValue</key>
                    <string>kMovementLinear</string>
                </dict>
                <key>Name</key>
                <dict>
                    <key>value</key>
                    <string>Enemy</string>
                </dict>
                <key>Position</key>
                <dict>
                    <key>value</key>
                    <string>{727.535,523.252}</string>
                </dict>
                <key>Rotation</key>
                <dict>
                    <key>value</key>
                    <string>180.000000</string>
                </dict>
                <key>Scale</key>
                <dict>
                    <key>value</key>
                    <string>{0.270,0.269}</string>
                </dict>
                <key>Hidden</key>
                <dict>
                    <key>visible</key>
                    <string>0</string>
                </dict>
                <key>Locked</key>
                <dict>
                    <key>visible</key>
                    <string>0</string>
                </dict>
                <key>Asset</key>
                <dict>
                    <key>visible</key>
                    <string>0</string>
                </dict>
                <key>Linear Velocity</key>
                <dict>
                    <key>value</key>
                    <string>{0.000,0.000}</string>
                </dict>
                <key>Collision Type</key>
                <dict>
                    <key>selectedStringValue</key>
                    <string>kNoCollision</string>
                </dict>
                <key>Destroy Type</key>
                <dict>
                    <key>selectedStringValue</key>
                    <string>kDestroyCollision</string>
                </dict>
                <key>zDepth</key>
                <string>9</string>
            </dict>
            <dict>
                <key>id</key>
                <string>2022</string>
                <key>className</key>
                <string>PTModelObjectAssetUnit</string>
                <key>Object Type</key>
                <dict>
                    <key>selectedStringValue</key>
                    <string>kEnemyObjectType</string>
                </dict>
                <key>Movement Type</key>
                <dict>
                    <key>selectedStringValue</key>
                    <string>kMovementLinear</string>
                </dict>
                <key>Name</key>
                <dict>
                    <key>value</key>
                    <string>Enemy</string>
                </dict>
                <key>Position</key>
                <dict>
                    <key>value</key>
                    <string>{777.565,523.252}</string>
                </dict>
                <key>Rotation</key>
                <dict>
                    <key>value</key>
                    <string>180.000000</string>
                </dict>
                <key>Scale</key>
                <dict>
                    <key>value</key>
                    <string>{0.270,0.269}</string>
                </dict>
                <key>Hidden</key>
                <dict>
                    <key>visible</key>
                    <string>0</string>
                </dict>
                <key>Locked</key>
                <dict>
                    <key>visible</key>
                    <string>0</string>
                </dict>
                <key>Asset</key>
                <dict>
                    <key>visible</key>
                    <string>0</string>
                </dict>
                <key>Linear Velocity</key>
                <dict>
                    <key>value</key>
                    <string>{0.000,0.000}</string>
                </dict>
                <key>Collision Type</key>
                <dict>
                    <key>selectedStringValue</key>
                    <string>kNoCollision</string>
                </dict>
                <key>Destroy Type</key>
                <dict>
                    <key>selectedStringValue</key>
                    <string>kDestroyCollision</string>
                </dict>
                <key>zDepth</key>
                <string>10</string>
            </dict>
            <dict>
                <key>id</key>
                <string>2024</string>
                <key>className</key>
                <string>PTModelObjectAssetUnit</string>
                <key>Object Type</key>
                <dict>
                    <key>selectedStringValue</key>
                    <string>kEnemyObjectType</string>
                </dict>
                <key>Movement Type</key>
                <dict>
                    <key>selectedStringValue</key>
                    <string>kMovementLinear</string>
                </dict>
                <key>Name</key>
                <dict>
                    <key>value</key>
                    <string>Enemy</string>
                </dict>
                <key>Position</key>
                <dict>
                    <key>value</key>
                    <string>{827.595,523.252}</string>
                </dict>
                <key>Rotation</key>
                <dict>
                    <key>value</key>
                    <string>180.000000</string>
                </dict>
                <key>Scale</key>
                <dict>
                    <key>value</key>
                    <string>{0.270,0.269}</string>
                </dict>
                <key>Hidden</key>
                <dict>
                    <key>visible</key>
                    <string>0</string>
                </dict>
                <key>Locked</key>
                <dict>
                    <key>visible</key>
                    <string>0</string>
                </dict>
                <key>Asset</key>
                <dict>
                    <key>visible</key>
                    <string>0</string>
                </dict>
                <key>Linear Velocity</key>
                <dict>
                    <key>value</key>
                    <string>{0.000,0.000}</string>
                </dict>
                <key>Collision Type</key>
                <dict>
                    <key>selectedStringValue</key>
                    <string>kNoCollision</string>
                </dict>
                <key>Destroy Type</key>
                <dict>
                    <key>selectedStringValue</key>
                    <string>kDestroyCollision</string>
                </dict>
                <key>zDepth</key>
                <string>11</string>
            </dict>
            <dict>
                <key>id</key>
                <string>2026</string>
                <key>className</key>
                <string>PTModelObjectAssetUnit</string>
                <key>Object Type</key>
                <dict>
                    <key>selectedStringValue</key>
                    <string>kEnemyObjectType</string>
                </dict>
                <key>Movement Type</key>
                <dict>
                    <key>selectedStringValue</key>
                    <string>kMovementLinear</string>
                </dict>
                <key>Name</key>
                <dict>
                    <key>value</key>
                    <string>Enemy</string>
                </dict>
                <key>Position</key>
                <dict>
                    <key>value</key>
                    <string>{877.625,523.252}</string>
                </dict>
                <key>Rotation</key>
                <dict>
                    <key>value</key>
                    <string>180.000000</string>
                </dict>
                <key>Scale</key>
                <dict>
                    <key>value</key>
                    <string>{0.270,0.269}</string>
                </dict>
                <key>Hidden</key>
                <dict>
                    <key>visible</key>
                    <string>0</string>
                </dict>
                <key>Locked</key>
                <dict>
                    <key>visible</key>
                    <string>0</string>
                </dict>
                <key>Asset</key>
                <dict>
                    <key>visible</key>
                    <string>0</string>
                </dict>
                <key>Linear Velocity</key>
                <dict>
                    <key>value</key>
                    <string>{0.000,0.000}</string>
                </dict>
                <key>Collision Type</key>
                <dict>
                    <key>selectedStringValue</key>
                    <string>kNoCollision</string>
                </dict>
                <key>Destroy Type</key>
                <dict>
                    <key>selectedStringValue</key>
                    <string>kDestroyCollision</string>
                </dict>
                <key>zDepth</key>
                <string>12</string>
            </dict>
            <dict>
                <key>id</key>
                <string>2028</string>
                <key>className</key>
                <string>PTModelObjectAssetUnit</string>
                <key>Object Type</key>
                <dict>
                    <key>selectedStringValue</key>
                    <string>kEnemyObjectType</string>
                </dict>
                <key>Movement Type</key>
                <dict>
                    <key>selectedStringValue</key>
                    <string>kMovementLinear</string>
                </dict>
                <key>Name</key>
                <dict>
                    <key>value</key>
                    <string>Enemy</string>
                </dict>
                <key>Position</key>
                <dict>
                    <key>value</key>
                    <string>{250.030,174.410}</string>
                </dict>
                <key>Scale</key>
                <dict>
                    <key>value</key>
                    <string>{0.270,0.269}</string>
                </dict>
                <key>Hidden</key>
                <dict>
                    <key>visible</key>
                    <string>0</string>
                </dict>
                <key>Locked</key>
                <dict>
                    <key>visible</key>
                    <string>0</string>
                </dict>
                <key>Asset</key>
                <dict>
                    <key>visible</key>
                    <string>0</string>
                </dict>
                <key>Linear Velocity</key>
                <dict>
                    <key>value</key>
                    <string>{0.000,0.000}</string>
                </dict>
                <key>Collision Type</key>
                <dict>
                    <key>selectedStringValue</key>
                    <string>kNoCollision</string>
                </dict>
                <key>Destroy Type</key>
                <dict>
                    <key>selectedStringValue</key>
                    <string>kDestroyCollision</string>
                </dict>
                <key>zDepth</key>
                <string>3</string>
            </dict>
            <dict>
                <key>id</key>
                <string>2030</string>
                <key>className</key>
                <string>PTModelObjectAssetUnit</string>
                <key>Object Type</key>
                <dict>
                    <key>selectedStringValue</key>
                    <string>kEnemyObjectType</string>
                </dict>
                <key>Movement Type</key>
                <dict>
                    <key>selectedStringValue</key>
                    <string>kMovementLinear</string>
                </dict>
                <key>Name</key>
                <dict>
                    <key>value</key>
                    <string>Enemy</string>
                </dict>
                <key>Position</key>
                <dict>
                    <key>value</key>
                    <string>{300.060,174.410}</string>
                </dict>
                <key>Scale</key>
                <dict>
                    <key>value</key>
                    <string>{0.270,0.269}</string>
                </dict>
                <key>Hidden</key>
                <dict>
                    <key>visible</key>
                    <string>0</string>
                </dict>
                <key>Locked</key>
                <dict>
                    <key>visible</key>
                    <string>0</string>
                </dict>
                <key>Asset</key>
                <dict>
                    <key>visible</key>
                    <string>0</string>
                </dict>
                <key>Linear Velocity</key>
                <dict>
                    <key>value</key>
                    <string>{0.000,0.000}</string>
                </dict>
                <key>Collision Type</key>
                <dict>
                    <key>selectedStringValue</key>
                    <string>kNoCollision</string>
                </dict>
                <key>Destroy Type</key>
                <dict>
                    <key>selectedStringValue</key>
                    <string>kDestroyCollision</string>
                </dict>
                <key>zDepth</key>
                <string>5</string>
            </dict>
            <dict>
                <key>id</key>
                <string>2032</string>
                <key>className</key>
                <string>PTModelObjectAssetUnit</string>
                <key>Object Type</key>
                <dict>
                    <key>selectedStringValue</key>
                    <string>kEnemyObjectType</string>
                </dict>
                <key>Movement Type</key>
                <dict>
                    <key>selectedStringValue</key>
                    <string>kMovementLinear</string>
                </dict>
                <key>Name</key>
                <dict>
                    <key>value</key>
                    <string>Enemy</string>
                </dict>
                <key>Position</key>
                <dict>
                    <key>value</key>
                    <string>{350.090,174.410}</string>
                </dict>
                <key>Scale</key>
                <dict>
                    <key>value</key>
                    <string>{0.270,0.269}</string>
                </dict>
                <key>Hidden</key>
                <dict>
                    <key>visible</key>
                    <string>0</string>
                </dict>
                <key>Locked</key>
                <dict>
                    <key>visible</key>
                    <string>0</string>
                </dict>
                <key>Asset</key>
                <dict>
                    <key>visible</key>
                    <string>0</string>
                </dict>
                <key>Linear Velocity</key>
                <dict>
                    <key>value</key>
                    <string>{0.000,0.000}</string>
                </dict>
                <key>Collision Type</key>
                <dict>
                    <key>selectedStringValue</key>
                    <string>kNoCollision</string>
                </dict>
                <key>Destroy Type</key>
                <dict>
                    <key>selectedStringValue</key>
                    <string>kDestroyCollision</string>
                </dict>
                <key>zDepth</key>
                <string>6</string>
            </dict>
            <dict>
                <key>id</key>
                <string>2034</string>
                <key>className</key>
                <string>PTModelObjectAssetUnit</string>
                <key>Object Type</key>
                <dict>
                    <key>selectedStringValue</key>
                    <string>kEnemyObjectType</string>
                </dict>
                <key>Movement Type</key>
                <dict>
                    <key>selectedStringValue</key>
                    <string>kMovementLinear</string>
                </dict>
                <key>Name</key>
                <dict>
                    <key>value</key>
                    <string>Enemy</string>
                </dict>
                <key>Position</key>
                <dict>
                    <key>value</key>
                    <string>{400.120,174.410}</string>
                </dict>
                <key>Scale</key>
                <dict>
                    <key>value</key>
                    <string>{0.270,0.269}</string>
                </dict>
                <key>Hidden</key>
                <dict>
                    <key>visible</key>
                    <string>0</string>
                </dict>
                <key>Locked</key>
                <dict>
                    <key>visible</key>
                    <string>0</string>
                </dict>
                <key>Asset</key>
                <dict>
                    <key>visible</key>
                    <string>0</string>
                </dict>
                <key>Linear Velocity</key>
                <dict>
                    <key>value</key>
                    <string>{0.000,0.000}</string>
                </dict>
                <key>Collision Type</key>
                <dict>
                    <key>selectedStringValue</key>
                    <string>kNoCollision</string>
                </dict>
                <key>Destroy Type</key>
                <dict>
                    <key>selectedStringValue</key>
                    <string>kDestroyCollision</string>
                </dict>
                <key>zDepth</key>
                <string>7</string>
            </dict>
            <dict>
                <key>id</key>
                <string>2045</string>
                <key>className</key>
                <string>PTModelObjectAssetUnit</string>
                <key>Object Type</key>
                <dict>
                    <key>selectedStringValue</key>
                    <string>kPlatformObjectType</string>
                </dict>
                <key>Movement Type</key>
                <dict>
                    <key>selectedStringValue</key>
                    <string>kMovementLinear</string>
                </dict>
                <key>Name</key>
                <dict>
                    <key>value</key>
                    <string>Platform</string>
                </dict>
                <key>Position</key>
                <dict>
                    <key>value</key>
                    <string>{550.000,681.038}</string>
                </dict>
                <key>Rotation</key>
                <dict>
                    <key>value</key>
                    <string>90.000000</string>
                </dict>
                <key>Scale</key>
                <dict>
                    <key>value</key>
                    <string>{1.154,5.085}</string>
                </dict>
                <key>Hidden</key>
                <dict>
                    <key>visible</key>
                    <string>0</string>
                </dict>
                <key>Locked</key>
                <dict>
                    <key>visible</key>
                    <string>0</string>
                </dict>
                <key>Asset</key>
                <dict>
                    <key>visible</key>
                    <string>0</string>
                </dict>
                <key>Linear Velocity</key>
                <dict>
                    <key>value</key>
                    <string>{0.000,0.000}</string>
                </dict>
                <key>Collision Type</key>
                <dict>
                    <key>selectedStringValue</key>
                    <string>kCharacterCollision</string>
                </dict>
                <key>Destroy Type</key>
                <dict>
                    <key>selectedStringValue</key>
                    <string>kDestroyNo</string>
                </dict>
                <key>zDepth</key>
                <string>1</string>
            </dict>
        </array>
    </dict>
</plist>
