<?xml version="1.0" encoding="UTF-8"?>
<!DOCTYPE plist PUBLIC "-//Apple//DTD PLIST 1.0//EN" "http://www.apple.com/DTDs/PropertyList-1.0.dtd"/>

<plist version="1.0">
    <dict>
        <key>ROOT</key>
        <array>
            <dict>
                <key>id</key>
                <string>97</string>
                <key>Load</key>
                <dict>
                    <key>connectedModelId</key>
                    <string>2048</string>
                    <key>attributeName</key>
                    <string>Load</string>
                    <key>isAction</key>
                    <string>true</string>
                </dict>
                <key>modelId</key>
                <string>98</string>
                <key>attributesCount</key>
                <string>4</string>
            </dict>
        </array>
    </dict>
</plist>
