<?xml version="1.0" encoding="UTF-8"?>
<!DOCTYPE plist PUBLIC "-//Apple//DTD PLIST 1.0//EN" "http://www.apple.com/DTDs/PropertyList-1.0.dtd"/>

<plist version="1.0">
    <dict>
        <key>ROOT</key>
        <array>
            <dict>
                <key>id</key>
                <string>2048</string>
                <key>className</key>
                <string>PTNodeUI</string>
                <key>Name</key>
                <dict>
                    <key>value</key>
                    <string>Main Menu UI</string>
                </dict>
                <key>Position</key>
                <dict>
                    <key>value</key>
                    <string>{-454.000,-168.000}</string>
                </dict>
            </dict>
            <dict>
                <key>id</key>
                <string>2132</string>
                <key>className</key>
                <string>PTNodeUI</string>
                <key>Name</key>
                <dict>
                    <key>value</key>
                    <string>New UI 1</string>
                </dict>
                <key>Position</key>
                <dict>
                    <key>value</key>
                    <string>{-312.000,148.000}</string>
                </dict>
            </dict>
            <dict>
                <key>id</key>
                <string>2136</string>
                <key>className</key>
                <string>PTNodeUI</string>
                <key>Name</key>
                <dict>
                    <key>value</key>
                    <string>New UI 3</string>
                </dict>
                <key>Position</key>
                <dict>
                    <key>value</key>
                    <string>{169.000,-169.000}</string>
                </dict>
            </dict>
            <dict>
                <key>id</key>
                <string>2138</string>
                <key>className</key>
                <string>PTNodeUI</string>
                <key>Name</key>
                <dict>
                    <key>value</key>
                    <string>New UI 4</string>
                </dict>
                <key>Position</key>
                <dict>
                    <key>value</key>
                    <string>{140.000,-18.000}</string>
                </dict>
            </dict>
            <dict>
                <key>id</key>
                <string>2140</string>
                <key>className</key>
                <string>PTNodeUI</string>
                <key>Name</key>
                <dict>
                    <key>value</key>
                    <string>New UI 5</string>
                </dict>
                <key>Position</key>
                <dict>
                    <key>value</key>
                    <string>{78.000,127.000}</string>
                </dict>
            </dict>
            <dict>
                <key>id</key>
                <string>2142</string>
                <key>className</key>
                <string>PTNodeUI</string>
                <key>Name</key>
                <dict>
                    <key>value</key>
                    <string>New UI 6</string>
                </dict>
                <key>Position</key>
                <dict>
                    <key>value</key>
                    <string>{158.000,259.000}</string>
                </dict>
            </dict>
            <dict>
                <key>id</key>
                <string>2218</string>
                <key>className</key>
                <string>PTNodeUI</string>
                <key>Name</key>
                <dict>
                    <key>value</key>
                    <string>New UI 2</string>
                </dict>
                <key>Position</key>
                <dict>
                    <key>value</key>
                    <string>{101.000,-347.000}</string>
                </dict>
            </dict>
            <dict>
                <key>id</key>
                <string>2230</string>
                <key>className</key>
                <string>PTNodeUI</string>
                <key>Name</key>
                <dict>
                    <key>value</key>
                    <string>New UI 8</string>
                </dict>
                <key>Position</key>
                <dict>
                    <key>value</key>
                    <string>{466.000,-254.000}</string>
                </dict>
            </dict>
        </array>
    </dict>
</plist>
