<?xml version="1.0" encoding="UTF-8"?>
<!DOCTYPE plist PUBLIC "-//Apple//DTD PLIST 1.0//EN" "http://www.apple.com/DTDs/PropertyList-1.0.dtd"/>

<plist version="1.0">
    <dict>
        <key>ROOT</key>
        <array>
            <dict>
                <key>id</key>
                <string>2048</string>
                <key>Navigation Button</key>
                <dict>
                    <key>connectedModelId</key>
                    <string>2132</string>
                    <key>attributeName</key>
                    <string>Load</string>
                    <key>isAction</key>
                    <string>true</string>
                </dict>
                <key>modelId</key>
                <string>2049</string>
                <key>attributesCount</key>
                <string>4</string>
            </dict>
            <dict>
                <key>id</key>
                <string>2132</string>
                <key>Navigation Button 2</key>
                <dict>
                    <key>connectedModelId</key>
                    <string>2136</string>
                    <key>attributeName</key>
                    <string>Load</string>
                    <key>isAction</key>
                    <string>true</string>
                </dict>
                <key>settings</key>
                <dict>
                    <key>connectedModelId</key>
                    <string>2138</string>
                    <key>attributeName</key>
                    <string>Load</string>
                    <key>isAction</key>
                    <string>true</string>
                </dict>
                <key>Navigation Button</key>
                <dict>
                    <key>connectedModelId</key>
                    <string>2048</string>
                    <key>attributeName</key>
                    <string>Load</string>
                    <key>isAction</key>
                    <string>true</string>
                </dict>
                <key>instal</key>
                <dict>
                    <key>connectedModelId</key>
                    <string>2218</string>
                    <key>attributeName</key>
                    <string>Load</string>
                    <key>isAction</key>
                    <string>true</string>
                </dict>
                <key>play</key>
                <dict>
                    <key>connectedModelId</key>
                    <string>2140</string>
                    <key>attributeName</key>
                    <string>Load</string>
                    <key>isAction</key>
                    <string>true</string>
                </dict>
                <key>score</key>
                <dict>
                    <key>connectedModelId</key>
                    <string>2142</string>
                    <key>attributeName</key>
                    <string>Load</string>
                    <key>isAction</key>
                    <string>true</string>
                </dict>
                <key>modelId</key>
                <string>2133</string>
                <key>attributesCount</key>
                <string>9</string>
            </dict>
            <dict>
                <key>id</key>
                <string>2136</string>
                <key>back</key>
                <dict>
                    <key>connectedModelId</key>
                    <string>2132</string>
                    <key>attributeName</key>
                    <string>Load</string>
                    <key>isAction</key>
                    <string>true</string>
                </dict>
                <key>Navigation Button 2</key>
                <dict>
                    <key>connectedModelId</key>
                    <string>2048</string>
                    <key>attributeName</key>
                    <string>Load</string>
                    <key>isAction</key>
                    <string>true</string>
                </dict>
                <key>modelId</key>
                <string>2137</string>
                <key>attributesCount</key>
                <string>5</string>
            </dict>
            <dict>
                <key>id</key>
                <string>2138</string>
                <key>Navigation Button</key>
                <dict>
                    <key>connectedModelId</key>
                    <string>2048</string>
                    <key>attributeName</key>
                    <string>Load</string>
                    <key>isAction</key>
                    <string>true</string>
                </dict>
                <key>back</key>
                <dict>
                    <key>connectedModelId</key>
                    <string>2132</string>
                    <key>attributeName</key>
                    <string>Load</string>
                    <key>isAction</key>
                    <string>true</string>
                </dict>
                <key>modelId</key>
                <string>2139</string>
                <key>attributesCount</key>
                <string>5</string>
            </dict>
            <dict>
                <key>id</key>
                <string>2140</string>
                <key>back</key>
                <dict>
                    <key>connectedModelId</key>
                    <string>2132</string>
                    <key>attributeName</key>
                    <string>Load</string>
                    <key>isAction</key>
                    <string>true</string>
                </dict>
                <key>Navigation Button 2</key>
                <dict>
                    <key>connectedModelId</key>
                    <string>2048</string>
                    <key>attributeName</key>
                    <string>Load</string>
                    <key>isAction</key>
                    <string>true</string>
                </dict>
                <key>modelId</key>
                <string>2141</string>
                <key>attributesCount</key>
                <string>5</string>
            </dict>
            <dict>
                <key>id</key>
                <string>2142</string>
                <key>Navigation Button</key>
                <dict>
                    <key>connectedModelId</key>
                    <string>2048</string>
                    <key>attributeName</key>
                    <string>Load</string>
                    <key>isAction</key>
                    <string>true</string>
                </dict>
                <key>back</key>
                <dict>
                    <key>connectedModelId</key>
                    <string>2132</string>
                    <key>attributeName</key>
                    <string>Load</string>
                    <key>isAction</key>
                    <string>true</string>
                </dict>
                <key>modelId</key>
                <string>2143</string>
                <key>attributesCount</key>
                <string>5</string>
            </dict>
            <dict>
                <key>id</key>
                <string>2218</string>
                <key>Navigation Button 2</key>
                <dict>
                    <key>connectedModelId</key>
                    <string>2132</string>
                    <key>attributeName</key>
                    <string>Load</string>
                    <key>isAction</key>
                    <string>true</string>
                </dict>
                <key>Navigation Button</key>
                <dict>
                    <key>connectedModelId</key>
                    <string>2230</string>
                    <key>attributeName</key>
                    <string>Load</string>
                    <key>isAction</key>
                    <string>true</string>
                </dict>
                <key>modelId</key>
                <string>2219</string>
                <key>attributesCount</key>
                <string>5</string>
            </dict>
            <dict>
                <key>id</key>
                <string>2230</string>
                <key>home</key>
                <dict>
                    <key>connectedModelId</key>
                    <string>2132</string>
                    <key>attributeName</key>
                    <string>Load</string>
                    <key>isAction</key>
                    <string>true</string>
                </dict>
                <key>Navigation Button 2</key>
                <dict>
                    <key>connectedModelId</key>
                    <string>2218</string>
                    <key>attributeName</key>
                    <string>Load</string>
                    <key>isAction</key>
                    <string>true</string>
                </dict>
                <key>modelId</key>
                <string>2231</string>
                <key>attributesCount</key>
                <string>5</string>
            </dict>
        </array>
    </dict>
</plist>
